date,sst
2010-01-01,293.03998
2010-01-02,293.1
2010-01-03,294.47998
2010-01-04,293.94998
2010-01-05,293.96
2010-01-06,293.88
2010-01-07,293.53998
2010-01-08,292.9
2010-01-09,292.74
2010-01-10,293.4
2010-01-11,293.52
2010-01-12,293.4
2010-01-13,293.19998
2010-01-14,293.5
2010-01-15,293.47
2010-01-16,293.46
2010-01-17,293.13998
2010-01-18,293.1
2010-01-19,292.74
2010-01-20,292.82
2010-01-21,292.31
2010-01-22,292.41998
2010-01-23,292.05
2010-01-24,293.02
2010-01-25,295.05
2010-01-26,295.0
2010-01-27,294.87
2010-01-28,294.38998
2010-01-29,294.09
2010-01-30,294.50998
2010-01-31,294.19
2010-02-01,294.18
2010-02-02,293.44998
2010-02-03,293.41
2010-02-04,292.35
2010-02-05,291.88998
2010-02-06,291.74
2010-02-07,293.11
2010-02-08,293.1
2010-02-09,293.8
2010-02-10,293.94998
2010-02-11,293.94
2010-02-12,293.47998
2010-02-13,292.91
2010-02-14,293.0
2010-02-15,292.97
2010-02-16,292.00998
2010-02-17,292.21
2010-02-18,292.47998
2010-02-19,292.4
2010-02-20,291.91998
2010-02-21,292.0
2010-02-22,292.03
2010-02-23,292.81
2010-02-24,292.91
2010-02-25,293.03
2010-02-26,292.91
2010-02-27,293.86
2010-02-28,293.99
2010-03-01,293.88998
2010-03-02,293.57
2010-03-03,293.53998
2010-03-04,291.9
2010-03-05,292.08
2010-03-06,291.77
2010-03-07,291.38
2010-03-08,291.55
2010-03-09,291.05
2010-03-10,290.22998
2010-03-11,290.66
2010-03-12,290.87
2010-03-13,290.9
2010-03-14,291.36
2010-03-15,291.44
2010-03-16,293.34
2010-03-17,294.83
2010-03-18,293.35
2010-03-19,294.0
2010-03-20,292.87
2010-03-21,293.02
2010-03-22,293.13998
2010-03-23,292.8
2010-03-24,293.44998
2010-03-25,293.00998
2010-03-26,292.35
2010-03-27,293.25998
2010-03-28,294.32
2010-03-29,295.72998
2010-03-30,295.28
2010-03-31,295.78
2010-04-01,295.16998
2010-04-02,294.91998
2010-04-03,294.9
2010-04-04,294.84
2010-04-05,295.36
2010-04-06,295.3
2010-04-07,295.84
2010-04-08,295.65
2010-04-09,295.83
2010-04-10,296.07
2010-04-11,295.97
2010-04-12,296.38
2010-04-13,295.88
2010-04-14,295.63
2010-04-15,295.12
2010-04-16,293.94998
2010-04-17,294.36
2010-04-18,294.16998
2010-04-19,294.25998
2010-04-20,294.55
2010-04-21,295.97
2010-04-22,295.77
2010-04-23,295.99
2010-04-24,295.91998
2010-04-25,296.13
2010-04-26,295.91998
2010-04-27,296.12
2010-04-28,297.4
2010-04-29,297.06
2010-04-30,295.02
2010-05-01,294.72
2010-05-02,294.91998
2010-05-03,295.49
2010-05-04,295.69
2010-05-05,295.57
2010-05-06,295.55
2010-05-07,294.63998
2010-05-08,294.74
2010-05-09,294.62
2010-05-10,294.16998
2010-05-11,294.49
2010-05-12,294.02
2010-05-13,294.57
2010-05-14,294.74
2010-05-15,294.37
2010-05-16,294.56
2010-05-17,294.37
2010-05-18,294.56
2010-05-19,294.69
2010-05-20,295.38998
2010-05-21,295.52
2010-05-22,295.63
2010-05-23,295.44998
2010-05-24,295.72998
2010-05-25,295.63998
2010-05-26,295.41998
2010-05-27,295.55
2010-05-28,295.9
2010-05-29,296.33
2010-05-30,296.31
2010-05-31,296.49
2010-06-01,297.27
2010-06-02,297.56
2010-06-03,297.96
2010-06-04,298.13
2010-06-05,298.16998
2010-06-06,298.94998
2010-06-07,298.82
2010-06-08,299.33
2010-06-09,299.49
2010-06-10,299.35
2010-06-11,299.11
2010-06-12,298.47998
2010-06-13,298.78998
2010-06-14,298.69
2010-06-15,297.88998
2010-06-16,298.22998
2010-06-17,298.37
2010-06-18,298.47
2010-06-19,298.59
2010-06-20,298.47998
2010-06-21,298.46
2010-06-22,298.50998
2010-06-23,298.41998
2010-06-24,298.6
2010-06-25,298.71
2010-06-26,299.94
2010-06-27,299.74
2010-06-28,300.4
2010-06-29,300.16
2010-06-30,300.43
2010-07-01,299.57
2010-07-02,299.85
2010-07-03,299.84
2010-07-04,300.0
2010-07-05,300.25998
2010-07-06,300.31
2010-07-07,299.8
2010-07-08,299.91998
2010-07-09,300.46
2010-07-10,300.44998
2010-07-11,300.59
2010-07-12,300.74
2010-07-13,300.66
2010-07-14,300.81
2010-07-15,300.9
2010-07-16,301.33
2010-07-17,301.94
2010-07-18,301.75998
2010-07-19,301.62
2010-07-20,301.24
2010-07-21,301.65
2010-07-22,301.72998
2010-07-23,302.11
2010-07-24,302.66
2010-07-25,302.44
2010-07-26,302.5
2010-07-27,302.52
2010-07-28,302.35
2010-07-29,301.61
2010-07-30,301.41998
2010-07-31,301.52
2010-08-01,301.66998
2010-08-02,302.35
2010-08-03,302.59
2010-08-04,302.19
2010-08-05,301.94
2010-08-06,302.13998
2010-08-07,301.97
2010-08-08,302.07
2010-08-09,302.22998
2010-08-10,301.07
2010-08-11,301.0
2010-08-12,301.86
2010-08-13,301.22
2010-08-14,301.4
2010-08-15,301.57
2010-08-16,301.63
2010-08-17,301.8
2010-08-18,302.21
2010-08-19,302.22998
2010-08-20,301.97998
2010-08-21,302.16998
2010-08-22,302.1
2010-08-23,302.55
2010-08-24,303.19998
2010-08-25,303.07
2010-08-26,302.94998
2010-08-27,302.77
2010-08-28,302.3
2010-08-29,302.57
2010-08-30,302.66998
2010-08-31,302.65
2010-09-01,302.24
2010-09-02,302.27
2010-09-03,302.27
2010-09-04,301.85
2010-09-05,301.65
2010-09-06,301.3
2010-09-07,301.32
2010-09-08,302.19
2010-09-09,303.13998
2010-09-10,302.88998
2010-09-11,302.53
2010-09-12,302.00998
2010-09-13,302.11
2010-09-14,302.21
2010-09-15,302.13
2010-09-16,302.02
2010-09-17,301.96
2010-09-18,301.85
2010-09-19,301.85
2010-09-20,302.25
2010-09-21,302.52
2010-09-22,302.25998
2010-09-23,301.75998
2010-09-24,301.49
2010-09-25,301.34
2010-09-26,301.25998
2010-09-27,301.22998
2010-09-28,301.1
2010-09-29,300.97998
2010-09-30,300.66998
2010-10-01,300.84
2010-10-02,301.05
2010-10-03,300.77
2010-10-04,300.53998
2010-10-05,300.4
2010-10-06,300.16
2010-10-07,300.07
2010-10-08,299.99
2010-10-09,300.12
2010-10-10,300.11
2010-10-11,299.77
2010-10-12,299.99
2010-10-13,300.46
2010-10-14,300.31
2010-10-15,301.16
2010-10-16,300.68
2010-10-17,300.58
2010-10-18,300.4
2010-10-19,300.28998
2010-10-20,300.12
2010-10-21,300.0
2010-10-22,299.87
2010-10-23,299.77
2010-10-24,299.43
2010-10-25,299.53998
2010-10-26,299.27
2010-10-27,299.18
2010-10-28,299.56
2010-10-29,299.18
2010-10-30,299.47
2010-10-31,299.18
2010-11-01,298.58
2010-11-02,298.53998
2010-11-03,298.58
2010-11-04,299.12
2010-11-05,298.25
2010-11-06,298.34
2010-11-07,298.65
2010-11-08,298.5
2010-11-09,297.8
2010-11-10,297.27
2010-11-11,297.61
2010-11-12,297.44
2010-11-13,297.91998
2010-11-14,297.57
2010-11-15,296.93
2010-11-16,296.72998
2010-11-17,296.78998
2010-11-18,296.35
2010-11-19,296.43
2010-11-20,296.52
2010-11-21,296.57
2010-11-22,296.59
2010-11-23,296.43
2010-11-24,296.35
2010-11-25,296.44998
2010-11-26,296.58
2010-11-27,297.15
2010-11-28,296.97998
2010-11-29,296.85
2010-11-30,296.68
2010-12-01,296.81
2010-12-02,296.74
2010-12-03,296.49
2010-12-04,296.36
2010-12-05,296.36
2010-12-06,296.19
2010-12-07,295.69998
2010-12-08,295.50998
2010-12-09,294.77
2010-12-10,294.66998
2010-12-11,294.53
2010-12-12,294.66998
2010-12-13,294.75
2010-12-14,295.16
2010-12-15,294.8
2010-12-16,294.61
2010-12-17,294.44
2010-12-18,294.62
2010-12-19,295.19998
2010-12-20,295.38998
2010-12-21,295.62
2010-12-22,296.00998
2010-12-23,295.88
2010-12-24,295.57
2010-12-25,295.13998
2010-12-26,294.66998
2010-12-27,294.77
2010-12-28,294.18
2010-12-29,294.44998
2010-12-30,294.46
2010-12-31,294.28998
2011-01-01,294.93
2011-01-02,294.68
2011-01-03,294.74
2011-01-04,294.3
2011-01-05,294.87
2011-01-06,294.97998
2011-01-07,294.50998
2011-01-08,294.84
2011-01-09,294.87
2011-01-10,294.71
2011-01-11,293.99
2011-01-12,293.87
2011-01-13,293.94
2011-01-14,293.71
2011-01-15,293.36
2011-01-16,292.21
2011-01-17,292.16998
2011-01-18,292.28
2011-01-19,292.50998
2011-01-20,292.66
2011-01-21,293.18
2011-01-22,293.63
2011-01-23,293.28998
2011-01-24,293.28998
2011-01-25,293.22
2011-01-26,293.34
2011-01-27,292.9
2011-01-28,292.97998
2011-01-29,292.93
2011-01-30,292.93
2011-01-31,292.97998
2011-02-01,293.22
2011-02-02,291.94
2011-02-03,291.75998
2011-02-04,291.77
2011-02-05,292.5
2011-02-06,294.08
2011-02-07,293.91998
2011-02-08,293.62
2011-02-09,293.66
2011-02-10,293.66
2011-02-11,293.65
2011-02-12,292.77
2011-02-13,292.41998
2011-02-14,292.03998
2011-02-15,291.77
2011-02-16,291.86
2011-02-17,292.18
2011-02-18,292.34
2011-02-19,292.35
2011-02-20,294.3
2011-02-21,294.32
2011-02-22,294.75
2011-02-23,294.94
2011-02-24,295.65
2011-02-25,295.84
2011-02-26,295.21
2011-02-27,294.84
2011-02-28,294.66
2011-03-01,294.38998
2011-03-02,292.71
2011-03-03,292.78
2011-03-04,292.75998
2011-03-05,292.86
2011-03-06,292.63
2011-03-07,292.56
2011-03-08,292.41
2011-03-09,292.06
2011-03-10,292.0
2011-03-11,292.02
2011-03-12,291.68
2011-03-13,292.74
2011-03-14,292.78
2011-03-15,292.83
2011-03-16,292.85
2011-03-17,293.75
2011-03-18,293.68
2011-03-19,293.69
2011-03-20,292.3
2011-03-21,292.38
2011-03-22,291.59
2011-03-23,291.69998
2011-03-24,291.43
2011-03-25,291.13998
2011-03-26,291.69
2011-03-27,291.61
2011-03-28,291.53998
2011-03-29,291.41
2011-03-30,291.8
2011-03-31,292.47998
2011-04-01,293.00998
2011-04-02,294.13998
2011-04-03,294.25998
2011-04-04,294.37
2011-04-05,294.5
2011-04-06,294.4
2011-04-07,294.49
2011-04-08,294.13
2011-04-09,293.83
2011-04-10,293.53998
2011-04-11,293.66
2011-04-12,293.87
2011-04-13,295.47998
2011-04-14,295.06
2011-04-15,294.41
2011-04-16,294.37
2011-04-17,294.03
2011-04-18,293.78
2011-04-19,293.25998
2011-04-20,293.50998
2011-04-21,294.4
2011-04-22,293.85
2011-04-23,293.97998
2011-04-24,293.88
2011-04-25,293.87
2011-04-26,293.87
2011-04-27,293.35
2011-04-28,293.71
2011-04-29,293.74
2011-04-30,293.78998
2011-05-01,294.06
2011-05-02,294.36
2011-05-03,293.44998
2011-05-04,293.47
2011-05-05,292.57
2011-05-06,292.6
2011-05-07,292.97998
2011-05-08,295.02
2011-05-09,295.5
2011-05-10,295.32
2011-05-11,295.68
2011-05-12,294.13
2011-05-13,294.50998
2011-05-14,294.47
2011-05-15,294.86
2011-05-16,295.46
2011-05-17,295.19998
2011-05-18,294.55
2011-05-19,294.62
2011-05-20,294.97
2011-05-21,295.69
2011-05-22,296.37
2011-05-23,296.27
2011-05-24,296.16
2011-05-25,296.0
2011-05-26,295.02
2011-05-27,295.19
2011-05-28,295.32
2011-05-29,294.46
2011-05-30,296.13998
2011-05-31,296.85
2011-06-01,296.93
2011-06-02,297.09
2011-06-03,297.05
2011-06-04,297.25
2011-06-05,297.32
2011-06-06,297.97998
2011-06-07,297.85
2011-06-08,297.88998
2011-06-09,298.19
2011-06-10,297.62
2011-06-11,297.41998
2011-06-12,297.74
2011-06-13,297.25998
2011-06-14,297.4
2011-06-15,297.18
2011-06-16,296.97
2011-06-17,297.16998
2011-06-18,297.22
2011-06-19,297.49
2011-06-20,297.81
2011-06-21,299.06
2011-06-22,300.28
2011-06-23,300.34
2011-06-24,300.27
2011-06-25,300.06
2011-06-26,299.63
2011-06-27,300.15
2011-06-28,300.36
2011-06-29,300.47
2011-06-30,300.47
2011-07-01,300.16
2011-07-02,299.88998
2011-07-03,300.09
2011-07-04,299.68
2011-07-05,299.55
2011-07-06,299.07
2011-07-07,298.99
2011-07-08,299.19998
2011-07-09,299.82
2011-07-10,300.41
2011-07-11,300.78998
2011-07-12,300.77
2011-07-13,301.11
2011-07-14,301.27
2011-07-15,301.47998
2011-07-16,301.18
2011-07-17,301.1
2011-07-18,301.09
2011-07-19,300.02
2011-07-20,300.36
2011-07-21,300.6
2011-07-22,301.35
2011-07-23,301.85
2011-07-24,301.77
2011-07-25,302.07
2011-07-26,302.00998
2011-07-27,301.28998
2011-07-28,301.18
2011-07-29,301.56
2011-07-30,302.15
2011-07-31,302.68
2011-08-01,302.62
2011-08-02,302.69998
2011-08-03,302.05
2011-08-04,302.05
2011-08-05,301.78
2011-08-06,301.82
2011-08-07,300.78
2011-08-08,300.85
2011-08-09,301.43
2011-08-10,300.74
2011-08-11,301.06
2011-08-12,301.47
2011-08-13,301.36
2011-08-14,301.24
2011-08-15,301.31
2011-08-16,300.97998
2011-08-17,300.88
2011-08-18,300.4
2011-08-19,300.85
2011-08-20,302.08
2011-08-21,301.82
2011-08-22,301.74
2011-08-23,302.06
2011-08-24,302.46
2011-08-25,302.56
2011-08-26,302.44998
2011-08-27,302.21
2011-08-28,301.94
2011-08-29,302.43
2011-08-30,302.34
2011-08-31,302.28
2011-09-01,301.97
2011-09-02,301.97998
2011-09-03,301.63
2011-09-04,301.75998
2011-09-05,301.88
2011-09-06,301.86
2011-09-07,301.77
2011-09-08,301.69
2011-09-09,301.35
2011-09-10,301.4
2011-09-11,301.83
2011-09-12,301.87
2011-09-13,301.75
2011-09-14,301.81
2011-09-15,301.71
2011-09-16,301.43
2011-09-17,301.34
2011-09-18,301.3
2011-09-19,301.19998
2011-09-20,301.38998
2011-09-21,300.72998
2011-09-22,300.53998
2011-09-23,300.00998
2011-09-24,300.12
2011-09-25,300.1
2011-09-26,300.06
2011-09-27,300.03998
2011-09-28,299.72998
2011-09-29,300.36
2011-09-30,300.5
2011-10-01,301.27
2011-10-02,300.69998
2011-10-03,300.59
2011-10-04,300.44998
2011-10-05,300.27
2011-10-06,298.88998
2011-10-07,298.96
2011-10-08,299.3
2011-10-09,299.19998
2011-10-10,299.15
2011-10-11,299.49
2011-10-12,299.38
2011-10-13,299.33
2011-10-14,299.21
2011-10-15,299.87
2011-10-16,299.9
2011-10-17,299.85
2011-10-18,299.44998
2011-10-19,299.5
2011-10-20,299.43
2011-10-21,298.8
2011-10-22,298.36
2011-10-23,298.5
2011-10-24,298.24
2011-10-25,298.19
2011-10-26,298.37
2011-10-27,298.4
2011-10-28,298.41
2011-10-29,298.28998
2011-10-30,298.37
2011-10-31,298.03
2011-11-01,297.83
2011-11-02,297.12
2011-11-03,297.47998
2011-11-04,297.77
2011-11-05,298.38
2011-11-06,298.83
2011-11-07,298.84
2011-11-08,298.68
2011-11-09,298.53
2011-11-10,298.38998
2011-11-11,298.74
2011-11-12,298.52
2011-11-13,298.36
2011-11-14,298.19998
2011-11-15,298.1
2011-11-16,298.00998
2011-11-17,297.77
2011-11-18,297.66998
2011-11-19,297.41
2011-11-20,297.13
2011-11-21,296.97998
2011-11-22,296.53998
2011-11-23,296.41
2011-11-24,295.81
2011-11-25,296.19
2011-11-26,296.15
2011-11-27,296.78998
2011-11-28,296.71
2011-11-29,297.53998
2011-11-30,297.63
2011-12-01,296.71
2011-12-02,297.06
2011-12-03,297.31
2011-12-04,297.15
2011-12-05,296.93
2011-12-06,297.25998
2011-12-07,297.11
2011-12-08,296.87
2011-12-09,296.46
2011-12-10,296.03
2011-12-11,295.86
2011-12-12,295.97
2011-12-13,296.11
2011-12-14,296.06
2011-12-15,295.99
2011-12-16,296.02
2011-12-17,295.55
2011-12-18,295.69998
2011-12-19,295.68
2011-12-20,295.47998
2011-12-21,295.4
2011-12-22,295.63
2011-12-23,295.16998
2011-12-24,295.02
2011-12-25,294.66
2011-12-26,294.34
2011-12-27,294.52
2011-12-28,294.56
2011-12-29,295.09
2011-12-30,295.05
2011-12-31,295.52
2012-01-01,295.28
2012-01-02,294.75
2012-01-03,294.31
2012-01-04,294.13998
2012-01-05,294.3
2012-01-06,294.19
2012-01-07,294.15
2012-01-08,294.59
2012-01-09,293.35
2012-01-10,293.47998
2012-01-11,293.25
2012-01-12,293.18
2012-01-13,293.22998
2012-01-14,293.55
2012-01-15,293.53998
2012-01-16,293.4
2012-01-17,294.46
2012-01-18,294.28
2012-01-19,294.25
2012-01-20,295.13998
2012-01-21,294.75998
2012-01-22,294.66
2012-01-23,294.41
2012-01-24,294.22998
2012-01-25,293.41
2012-01-26,293.41
2012-01-27,293.47
2012-01-28,292.4
2012-01-29,292.38998
2012-01-30,292.94
2012-01-31,293.25
2012-02-01,293.18
2012-02-02,292.71
2012-02-03,292.74
2012-02-04,293.56
2012-02-05,292.96
2012-02-06,292.97998
2012-02-07,292.66
2012-02-08,292.65
2012-02-09,293.00998
2012-02-10,293.03998
2012-02-11,292.9
2012-02-12,292.88998
2012-02-13,292.94998
2012-02-14,292.68
2012-02-15,291.63998
2012-02-16,291.6
2012-02-17,290.75
2012-02-18,290.97998
2012-02-19,291.81
2012-02-20,292.66
2012-02-21,292.27
2012-02-22,292.50998
2012-02-23,293.44998
2012-02-24,293.47
2012-02-25,293.5
2012-02-26,293.43
2012-02-27,293.52
2012-02-28,294.37
2012-02-29,294.38998
2012-03-01,294.28998
2012-03-02,294.3
2012-03-03,293.6
2012-03-04,293.6
2012-03-05,293.16998
2012-03-06,293.21
2012-03-07,293.24
2012-03-08,293.13998
2012-03-09,293.18
2012-03-10,293.12
2012-03-11,292.96
2012-03-12,292.62
2012-03-13,292.87
2012-03-14,292.77
2012-03-15,292.99
2012-03-16,293.21
2012-03-17,293.3
2012-03-18,293.27
2012-03-19,294.02
2012-03-20,294.44998
2012-03-21,295.84
2012-03-22,295.43
2012-03-23,295.34
2012-03-24,293.82
2012-03-25,293.88998
2012-03-26,294.05
2012-03-27,294.56
2012-03-28,294.75
2012-03-29,294.44
2012-03-30,294.08
2012-03-31,293.05
2012-04-01,293.07
2012-04-02,293.16
2012-04-03,292.32
2012-04-04,292.66998
2012-04-05,292.61
2012-04-06,292.88
2012-04-07,292.00998
2012-04-08,292.25998
2012-04-09,295.35
2012-04-10,295.4
2012-04-11,296.02
2012-04-12,296.19
2012-04-13,295.94
2012-04-14,295.66998
2012-04-15,295.59
2012-04-16,295.36
2012-04-17,296.21
2012-04-18,296.25998
2012-04-19,295.77
2012-04-20,295.63998
2012-04-21,295.88998
2012-04-22,295.32
2012-04-23,295.59
2012-04-24,295.75
2012-04-25,293.91998
2012-04-26,293.94
2012-04-27,294.27
2012-04-28,295.03
2012-04-29,295.46
2012-04-30,296.08
2012-05-01,295.69
2012-05-02,295.8
2012-05-03,295.19
2012-05-04,295.27
2012-05-05,295.15
2012-05-06,295.4
2012-05-07,295.46
2012-05-08,295.43
2012-05-09,295.22
2012-05-10,294.6
2012-05-11,294.37
2012-05-12,295.19998
2012-05-13,295.08
2012-05-14,295.1
2012-05-15,295.5
2012-05-16,298.07
2012-05-17,297.44998
2012-05-18,297.19
2012-05-19,297.08
2012-05-20,296.4
2012-05-21,295.49
2012-05-22,295.63998
2012-05-23,296.09
2012-05-24,296.94
2012-05-25,296.96
2012-05-26,295.06
2012-05-27,295.50998
2012-05-28,297.74
2012-05-29,298.24
2012-05-30,298.28
2012-05-31,297.78
2012-06-01,297.9
2012-06-02,297.68
2012-06-03,298.19998
2012-06-04,298.25
2012-06-05,299.12
2012-06-06,299.16998
2012-06-07,299.03
2012-06-08,299.02
2012-06-09,298.94
2012-06-10,299.22
2012-06-11,298.96
2012-06-12,298.59
2012-06-13,298.69998
2012-06-14,298.56
2012-06-15,298.35
2012-06-16,298.46
2012-06-17,298.03
2012-06-18,297.91998
2012-06-19,298.05
2012-06-20,298.05
2012-06-21,298.37
2012-06-22,298.55
2012-06-23,298.88998
2012-06-24,299.86
2012-06-25,299.91998
2012-06-26,300.03
2012-06-27,299.33
2012-06-28,299.86
2012-06-29,300.99
2012-06-30,300.9
2012-07-01,300.27
2012-07-02,300.44
2012-07-03,300.37
2012-07-04,300.4
2012-07-05,300.71
2012-07-06,301.6
2012-07-07,301.27
2012-07-08,300.66998
2012-07-09,300.88
2012-07-10,300.91
2012-07-11,300.6
2012-07-12,300.3
2012-07-13,300.15
2012-07-14,300.5
2012-07-15,301.43
2012-07-16,302.37
2012-07-17,302.4
2012-07-18,301.56
2012-07-19,301.25998
2012-07-20,301.53
2012-07-21,301.87
2012-07-22,302.09
2012-07-23,302.16
2012-07-24,301.93
2012-07-25,302.13998
2012-07-26,301.87
2012-07-27,302.25
2012-07-28,302.28
2012-07-29,302.09
2012-07-30,302.38998
2012-07-31,302.66
2012-08-01,302.9
2012-08-02,302.07
2012-08-03,302.08
2012-08-04,301.91
2012-08-05,301.66
2012-08-06,301.75998
2012-08-07,301.88
2012-08-08,301.78998
2012-08-09,301.91998
2012-08-10,302.0
2012-08-11,302.5
2012-08-12,301.47
2012-08-13,301.71
2012-08-14,302.00998
2012-08-15,301.88998
2012-08-16,301.93
2012-08-17,301.78998
2012-08-18,301.74
2012-08-19,302.09
2012-08-20,302.31
2012-08-21,302.32
2012-08-22,302.28
2012-08-23,301.71
2012-08-24,301.46
2012-08-25,301.44
2012-08-26,301.59
2012-08-27,301.53
2012-08-28,301.09
2012-08-29,300.38998
2012-08-30,299.85
2012-08-31,300.00998
2012-09-01,299.94
2012-09-02,299.93
2012-09-03,299.32
2012-09-04,299.74
2012-09-05,299.91998
2012-09-06,300.15
2012-09-07,301.22
2012-09-08,301.24
2012-09-09,301.02
2012-09-10,301.32
2012-09-11,301.68
2012-09-12,301.56
2012-09-13,301.71
2012-09-14,301.31
2012-09-15,301.25
2012-09-16,301.1
2012-09-17,300.05
2012-09-18,299.5
2012-09-19,299.88
2012-09-20,299.78998
2012-09-21,299.82
2012-09-22,300.21
2012-09-23,300.08
2012-09-24,300.06
2012-09-25,299.88998
2012-09-26,299.82
2012-09-27,299.75
2012-09-28,299.66
2012-09-29,299.46
2012-09-30,299.99
2012-10-01,299.87
2012-10-02,299.91
2012-10-03,300.19
2012-10-04,300.12
2012-10-05,300.41998
2012-10-06,300.55
2012-10-07,300.13998
2012-10-08,299.78
2012-10-09,299.66998
2012-10-10,299.78998
2012-10-11,299.88998
2012-10-12,299.50998
2012-10-13,299.33
2012-10-14,298.35
2012-10-15,298.44
2012-10-16,298.44
2012-10-17,298.44
2012-10-18,298.25998
2012-10-19,298.47
2012-10-20,298.05
2012-10-21,298.33
2012-10-22,297.88998
2012-10-23,297.93
2012-10-24,297.53
2012-10-25,297.57
2012-10-26,297.07
2012-10-27,297.28
2012-10-28,297.09
2012-10-29,296.96
2012-10-30,296.65
2012-10-31,296.88
2012-11-01,296.74
2012-11-02,296.82
2012-11-03,296.69998
2012-11-04,296.33
2012-11-05,297.65
2012-11-06,297.47
2012-11-07,297.19998
2012-11-08,297.03
2012-11-09,297.03998
2012-11-10,296.08
2012-11-11,296.44
2012-11-12,296.28
2012-11-13,297.06
2012-11-14,296.84
2012-11-15,296.94998
2012-11-16,296.91998
2012-11-17,295.91998
2012-11-18,296.16
2012-11-19,295.99
2012-11-20,296.27
2012-11-21,296.27
2012-11-22,296.13
2012-11-23,296.18
2012-11-24,296.57
2012-11-25,296.66
2012-11-26,296.38
2012-11-27,296.61
2012-11-28,296.72998
2012-11-29,296.71
2012-11-30,296.32
2012-12-01,296.13998
2012-12-02,296.19
2012-12-03,295.31
2012-12-04,295.3
2012-12-05,295.44998
2012-12-06,295.49
2012-12-07,295.65
2012-12-08,295.37
2012-12-09,295.16
2012-12-10,295.66
2012-12-11,295.78
2012-12-12,295.53
2012-12-13,295.69
2012-12-14,295.66
2012-12-15,295.12
2012-12-16,295.53998
2012-12-17,295.72998
2012-12-18,294.81
2012-12-19,293.88998
2012-12-20,293.9
2012-12-21,293.93
2012-12-22,293.3
2012-12-23,293.38
2012-12-24,293.52
2012-12-25,293.88998
2012-12-26,294.44998
2012-12-27,294.38
2012-12-28,294.38
2012-12-29,294.25
2012-12-30,293.43
2012-12-31,293.41
2013-01-01,293.44
2013-01-02,293.28998
2013-01-03,293.13998
2013-01-04,292.78
2013-01-05,293.03998
2013-01-06,293.11
2013-01-07,293.24
2013-01-08,293.21
2013-01-09,293.35
2013-01-10,293.55
2013-01-11,293.50998
2013-01-12,293.34
2013-01-13,293.31
2013-01-14,292.6
2013-01-15,292.59
2013-01-16,293.31
2013-01-17,292.9
2013-01-18,292.72998
2013-01-19,293.47
2013-01-20,293.38
2013-01-21,293.37
2013-01-22,293.38
2013-01-23,293.00998
2013-01-24,293.13998
2013-01-25,292.81
2013-01-26,292.8
2013-01-27,292.63
2013-01-28,292.49
2013-01-29,292.75998
2013-01-30,292.9
2013-01-31,292.86
2013-02-01,292.94
2013-02-02,292.77
2013-02-03,292.75
2013-02-04,292.50998
2013-02-05,292.72
2013-02-06,292.61
2013-02-07,292.38998
2013-02-08,292.25
2013-02-09,292.13
2013-02-10,292.52
2013-02-11,292.87
2013-02-12,292.86
2013-02-13,292.62
2013-02-14,292.75
2013-02-15,292.68
2013-02-16,292.59
2013-02-17,292.46
2013-02-18,292.47998
2013-02-19,292.25998
2013-02-20,292.53998
2013-02-21,292.63998
2013-02-22,293.1
2013-02-23,293.19998
2013-02-24,293.97998
2013-02-25,293.94
2013-02-26,293.9
2013-02-27,294.25998
2013-02-28,293.85
2013-03-01,293.87
2013-03-02,293.59
2013-03-03,293.72
2013-03-04,293.81
2013-03-05,294.02
2013-03-06,294.16998
2013-03-07,293.93
2013-03-08,294.16998
2013-03-09,294.6
2013-03-10,293.72998
2013-03-11,293.53998
2013-03-12,293.44
2013-03-13,293.1
2013-03-14,292.83
2013-03-15,293.09
2013-03-16,293.50998
2013-03-17,294.22
2013-03-18,294.1
2013-03-19,293.99
2013-03-20,293.69998
2013-03-21,293.24
2013-03-22,293.27
2013-03-23,293.37
2013-03-24,292.91
2013-03-25,292.86
2013-03-26,293.13998
2013-03-27,293.25998
2013-03-28,293.22998
2013-03-29,293.18
2013-03-30,293.19998
2013-03-31,292.96
2013-04-01,293.03998
2013-04-02,293.07
2013-04-03,293.21
2013-04-04,293.43
2013-04-05,293.37
2013-04-06,293.37
2013-04-07,293.52
2013-04-08,293.44998
2013-04-09,293.63998
2013-04-10,293.75
2013-04-11,293.9
2013-04-12,294.24
2013-04-13,295.06
2013-04-14,294.88998
2013-04-15,295.02
2013-04-16,294.86
2013-04-17,295.36
2013-04-18,295.53998
2013-04-19,294.63
2013-04-20,294.52
2013-04-21,294.37
2013-04-22,294.75
2013-04-23,294.52
2013-04-24,294.59
2013-04-25,294.9
2013-04-26,295.05
2013-04-27,295.6
2013-04-28,295.28998
2013-04-29,295.33
2013-04-30,295.34
2013-05-01,294.88998
2013-05-02,294.91998
2013-05-03,295.38998
2013-05-04,294.74
2013-05-05,294.85
2013-05-06,295.05
2013-05-07,295.07
2013-05-08,295.19
2013-05-09,295.0
2013-05-10,294.88998
2013-05-11,295.63
2013-05-12,295.81
2013-05-13,296.59
2013-05-14,297.03998
2013-05-15,297.02
2013-05-16,296.72
2013-05-17,296.99
2013-05-18,296.94998
2013-05-19,297.16
2013-05-20,296.88998
2013-05-21,297.00998
2013-05-22,297.12
2013-05-23,297.44998
2013-05-24,297.50998
2013-05-25,297.35
2013-05-26,297.25
2013-05-27,296.71
2013-05-28,297.06
2013-05-29,297.5
2013-05-30,298.16998
2013-05-31,297.99
2013-06-01,297.9
2013-06-02,297.75
2013-06-03,297.82
2013-06-04,297.71
2013-06-05,297.71
2013-06-06,297.69998
2013-06-07,298.28998
2013-06-08,297.63
2013-06-09,297.82
2013-06-10,297.97998
2013-06-11,298.27
2013-06-12,298.65
2013-06-13,299.22
2013-06-14,299.38998
2013-06-15,299.61
2013-06-16,299.59
2013-06-17,300.05
2013-06-18,300.0
2013-06-19,300.16998
2013-06-20,300.78
2013-06-21,300.31
2013-06-22,300.05
2013-06-23,299.91
2013-06-24,300.02
2013-06-25,300.24
2013-06-26,299.94998
2013-06-27,299.94998
2013-06-28,299.63
2013-06-29,299.91998
2013-06-30,299.91998
2013-07-01,300.24
2013-07-02,300.69
2013-07-03,300.68
2013-07-04,300.74
2013-07-05,300.53998
2013-07-06,301.11
2013-07-07,301.58
2013-07-08,301.81
2013-07-09,302.22998
2013-07-10,302.8
2013-07-11,302.4
2013-07-12,302.15
2013-07-13,302.19
2013-07-14,302.28998
2013-07-15,302.24
2013-07-16,302.35
2013-07-17,302.32
2013-07-18,302.5
2013-07-19,302.69
2013-07-20,302.77
2013-07-21,302.62
2013-07-22,302.61
2013-07-23,302.50998
2013-07-24,302.05
2013-07-25,302.19998
2013-07-26,302.27
2013-07-27,302.22
2013-07-28,302.4
2013-07-29,301.97
2013-07-30,302.34
2013-07-31,302.38
2013-08-01,302.49
2013-08-02,302.69998
2013-08-03,302.91998
2013-08-04,302.52
2013-08-05,302.41998
2013-08-06,302.78998
2013-08-07,302.62
2013-08-08,302.75
2013-08-09,302.69998
2013-08-10,302.91
2013-08-11,302.97998
2013-08-12,303.25998
2013-08-13,303.63998
2013-08-14,303.72
2013-08-15,303.62
2013-08-16,303.75998
2013-08-17,303.4
2013-08-18,303.07
2013-08-19,302.97998
2013-08-20,302.85
2013-08-21,302.78998
2013-08-22,302.53
2013-08-23,302.8
2013-08-24,302.74
2013-08-25,302.75998
2013-08-26,302.91
2013-08-27,302.72998
2013-08-28,302.56
2013-08-29,302.63998
2013-08-30,302.44
2013-08-31,302.15
2013-09-01,302.09
2013-09-02,301.99
2013-09-03,301.22
2013-09-04,301.53998
2013-09-05,301.38
2013-09-06,301.28
2013-09-07,301.38
2013-09-08,301.41998
2013-09-09,301.47998
2013-09-10,301.53
2013-09-11,301.69998
2013-09-12,301.66
2013-09-13,301.85
2013-09-14,301.86
2013-09-15,301.36
2013-09-16,301.3
2013-09-17,301.16
2013-09-18,301.12
2013-09-19,301.12
2013-09-20,301.12
2013-09-21,301.02
2013-09-22,300.94998
2013-09-23,300.87
2013-09-24,301.03
2013-09-25,300.94
2013-09-26,300.99
2013-09-27,300.69998
2013-09-28,300.83
2013-09-29,300.58
2013-09-30,300.86
2013-10-01,300.78
2013-10-02,300.81
2013-10-03,300.83
2013-10-04,300.75998
2013-10-05,300.9
2013-10-06,300.72
2013-10-07,300.53
2013-10-08,300.63
2013-10-09,300.94
2013-10-10,300.96
2013-10-11,300.58
2013-10-12,300.25998
2013-10-13,299.88998
2013-10-14,299.69998
2013-10-15,299.36
2013-10-16,299.28998
2013-10-17,299.07
2013-10-18,298.88
2013-10-19,298.65
2013-10-20,299.03
2013-10-21,298.94
2013-10-22,298.97
2013-10-23,298.88
2013-10-24,298.69
2013-10-25,298.69
2013-10-26,298.8
2013-10-27,298.84
2013-10-28,298.83
2013-10-29,298.94
2013-10-30,298.78
2013-10-31,298.68
2013-11-01,298.75998
2013-11-02,298.75
2013-11-03,298.91998
2013-11-04,298.22
2013-11-05,298.0
2013-11-06,297.91998
2013-11-07,297.56
2013-11-08,297.53
2013-11-09,297.53
2013-11-10,297.57
2013-11-11,297.5
2013-11-12,297.25
2013-11-13,297.11
2013-11-14,297.27
2013-11-15,297.36
2013-11-16,297.33
2013-11-17,297.33
2013-11-18,297.06
2013-11-19,296.81
2013-11-20,296.69998
2013-11-21,296.34
2013-11-22,296.32
2013-11-23,296.06
2013-11-24,295.99
2013-11-25,295.72
2013-11-26,295.58
2013-11-27,295.50998
2013-11-28,295.1
2013-11-29,295.0
2013-11-30,295.35
2013-12-01,295.21
2013-12-02,295.38
2013-12-03,295.33
2013-12-04,295.55
2013-12-05,295.55
2013-12-06,295.34
2013-12-07,295.53
2013-12-08,295.85
2013-12-09,295.63998
2013-12-10,295.12
2013-12-11,295.18
2013-12-12,294.91998
2013-12-13,295.21
2013-12-14,295.21
2013-12-15,295.53
2013-12-16,295.41998
2013-12-17,295.22998
2013-12-18,295.62
2013-12-19,295.28998
2013-12-20,294.46
2013-12-21,294.71
2013-12-22,294.56
2013-12-23,294.56
2013-12-24,294.4
2013-12-25,294.6
2013-12-26,294.41998
2013-12-27,293.9
2013-12-28,293.75
2013-12-29,293.36
2013-12-30,293.38998
2013-12-31,293.44998
2014-01-01,293.16998
2014-01-02,292.75
2014-01-03,292.63998
2014-01-04,292.63998
2014-01-05,292.97
2014-01-06,293.13998
2014-01-07,293.28
2014-01-08,293.53998
2014-01-09,293.58
2014-01-10,293.52
2014-01-11,293.47998
2014-01-12,293.52
2014-01-13,293.11
2014-01-14,292.78
2014-01-15,293.37
2014-01-16,292.97
2014-01-17,292.84
2014-01-18,292.94
2014-01-19,293.78
2014-01-20,293.47
2014-01-21,293.46
2014-01-22,293.9
2014-01-23,293.99
2014-01-24,294.22
2014-01-25,293.87
2014-01-26,294.22
2014-01-27,294.28998
2014-01-28,294.24
2014-01-29,294.22
2014-01-30,293.97
2014-01-31,294.12
2014-02-01,293.96
2014-02-02,294.15
2014-02-03,293.63
2014-02-04,293.53
2014-02-05,293.28
2014-02-06,293.19998
2014-02-07,293.19
2014-02-08,292.75
2014-02-09,293.09
2014-02-10,292.99
2014-02-11,292.94998
2014-02-12,292.97998
2014-02-13,293.32
2014-02-14,293.57
2014-02-15,293.78
2014-02-16,293.66
2014-02-17,293.71
2014-02-18,293.47998
2014-02-19,293.09
2014-02-20,293.28
2014-02-21,293.12
2014-02-22,293.18
2014-02-23,293.34
2014-02-24,293.75
2014-02-25,293.78
2014-02-26,293.56
2014-02-27,293.58
2014-02-28,293.69998
2014-03-01,293.68
2014-03-02,293.4
2014-03-03,293.28
2014-03-04,293.44
2014-03-05,293.12
2014-03-06,293.00998
2014-03-07,292.75998
2014-03-08,292.72
2014-03-09,293.05
2014-03-10,293.43
2014-03-11,293.87
2014-03-12,293.24
2014-03-13,292.27
2014-03-14,292.50998
2014-03-15,292.38998
2014-03-16,292.9
2014-03-17,292.91998
2014-03-18,292.63998
2014-03-19,292.96
2014-03-20,292.06
2014-03-21,292.22998
2014-03-22,292.22998
2014-03-23,292.05
2014-03-24,291.9
2014-03-25,292.03
2014-03-26,292.38998
2014-03-27,292.94
2014-03-28,293.11
2014-03-29,292.82
2014-03-30,292.63
2014-03-31,292.75998
2014-04-01,292.3
2014-04-02,292.25998
2014-04-03,292.41998
2014-04-04,292.21
2014-04-05,292.0
2014-04-06,292.03
2014-04-07,292.13998
2014-04-08,292.19
2014-04-09,292.43
2014-04-10,293.09
2014-04-11,293.69998
2014-04-12,293.72
2014-04-13,293.32
2014-04-14,294.0
2014-04-15,294.05
2014-04-16,294.25
2014-04-17,294.36
2014-04-18,294.69998
2014-04-19,294.52
2014-04-20,294.38
2014-04-21,294.77
2014-04-22,294.49
2014-04-23,294.59
2014-04-24,294.3
2014-04-25,294.66
2014-04-26,294.94998
2014-04-27,294.53
2014-04-28,294.86
2014-04-29,294.16998
2014-04-30,294.38998
2014-05-01,294.82
2014-05-02,294.84
2014-05-03,294.75998
2014-05-04,295.22
2014-05-05,294.27
2014-05-06,293.91
2014-05-07,294.16998
2014-05-08,293.96
2014-05-09,293.94998
2014-05-10,294.11
2014-05-11,293.74
2014-05-12,293.58
2014-05-13,293.86
2014-05-14,293.88
2014-05-15,294.28
2014-05-16,294.50998
2014-05-17,294.71
2014-05-18,294.75
2014-05-19,294.32
2014-05-20,294.82
2014-05-21,295.19
2014-05-22,295.93
2014-05-23,296.4
2014-05-24,296.41
2014-05-25,296.38998
2014-05-26,296.25998
2014-05-27,296.38998
2014-05-28,296.34
2014-05-29,296.58
2014-05-30,296.99
2014-05-31,296.97
2014-06-01,296.85
2014-06-02,296.50998
2014-06-03,296.03
2014-06-04,295.83
2014-06-05,295.94
2014-06-06,296.15
2014-06-07,296.02
2014-06-08,296.21
2014-06-09,296.58
2014-06-10,296.50998
2014-06-11,296.57
2014-06-12,296.75998
2014-06-13,297.09
2014-06-14,297.31
2014-06-15,297.16998
2014-06-16,297.25
2014-06-17,297.25998
2014-06-18,297.97
2014-06-19,298.16
2014-06-20,298.66
2014-06-21,298.78998
2014-06-22,298.75
2014-06-23,299.00998
2014-06-24,298.77
2014-06-25,298.72
2014-06-26,298.59
2014-06-27,298.8
2014-06-28,298.87
2014-06-29,299.19998
2014-06-30,299.43
2014-07-01,299.4
2014-07-02,299.69
2014-07-03,299.13
2014-07-04,299.24
2014-07-05,300.0
2014-07-06,300.53
2014-07-07,301.07
2014-07-08,300.75
2014-07-09,299.52
2014-07-10,298.9
2014-07-11,299.05
2014-07-12,298.94
2014-07-13,299.11
2014-07-14,299.81
2014-07-15,300.19998
2014-07-16,300.49
2014-07-17,300.78
2014-07-18,300.97998
2014-07-19,300.99
2014-07-20,301.56
2014-07-21,301.71
2014-07-22,301.85
2014-07-23,302.11
2014-07-24,302.24
2014-07-25,302.47
2014-07-26,302.75
2014-07-27,302.74
2014-07-28,303.22998
2014-07-29,302.97998
2014-07-30,302.93
2014-07-31,302.75
2014-08-01,301.99
2014-08-02,301.50998
2014-08-03,301.55
2014-08-04,301.6
2014-08-05,302.03998
2014-08-06,301.84
2014-08-07,301.8
2014-08-08,301.46
2014-08-09,301.21
2014-08-10,301.35
2014-08-11,301.47
2014-08-12,301.88
2014-08-13,301.72
2014-08-14,301.86
2014-08-15,301.66
2014-08-16,301.93
2014-08-17,302.0
2014-08-18,302.12
2014-08-19,302.07
2014-08-20,301.9
2014-08-21,302.00998
2014-08-22,302.15
2014-08-23,301.94
2014-08-24,302.3
2014-08-25,302.11
2014-08-26,301.96
2014-08-27,302.07
2014-08-28,302.06
2014-08-29,302.02
2014-08-30,302.09
2014-08-31,302.4
2014-09-01,302.31
2014-09-02,302.22998
2014-09-03,302.38
2014-09-04,302.31
2014-09-05,302.32
2014-09-06,302.11
2014-09-07,302.08
2014-09-08,302.25
2014-09-09,302.28998
2014-09-10,302.21
2014-09-11,302.25
2014-09-12,302.07
2014-09-13,301.68
2014-09-14,301.53998
2014-09-15,301.58
2014-09-16,301.78998
2014-09-17,302.00998
2014-09-18,301.75
2014-09-19,301.71
2014-09-20,301.53
2014-09-21,301.46
2014-09-22,301.03
2014-09-23,300.72
2014-09-24,301.19998
2014-09-25,301.4
2014-09-26,301.37
2014-09-27,301.08
2014-09-28,301.16998
2014-09-29,301.28998
2014-09-30,301.16998
2014-10-01,301.21
2014-10-02,300.94998
2014-10-03,300.96
2014-10-04,300.66998
2014-10-05,300.38998
2014-10-06,300.28
2014-10-07,299.84
2014-10-08,299.78
2014-10-09,299.75
2014-10-10,299.74
2014-10-11,299.19
2014-10-12,298.88998
2014-10-13,299.00998
2014-10-14,298.91
2014-10-15,298.81
2014-10-16,298.6
2014-10-17,298.55
2014-10-18,298.49
2014-10-19,298.53998
2014-10-20,298.77
2014-10-21,298.65
2014-10-22,298.72
2014-10-23,298.8
2014-10-24,298.74
2014-10-25,298.75998
2014-10-26,298.96
2014-10-27,298.9
2014-10-28,298.75998
2014-10-29,298.65
2014-10-30,298.59
2014-10-31,298.69998
2014-11-01,298.82
2014-11-02,298.38998
2014-11-03,298.22998
2014-11-04,298.00998
2014-11-05,297.88
2014-11-06,297.62
2014-11-07,297.50998
2014-11-08,297.38
2014-11-09,297.25998
2014-11-10,296.96
2014-11-11,297.43
2014-11-12,297.33
2014-11-13,297.63
2014-11-14,297.28
2014-11-15,297.47
2014-11-16,297.21
2014-11-17,297.31
2014-11-18,296.99
2014-11-19,296.85
2014-11-20,296.68
2014-11-21,296.38
2014-11-22,296.35
2014-11-23,296.49
2014-11-24,296.44998
2014-11-25,295.94
2014-11-26,295.86
2014-11-27,295.8
2014-11-28,295.81
2014-11-29,296.4
2014-11-30,296.3
2014-12-01,295.94
2014-12-02,295.66
2014-12-03,295.44
2014-12-04,295.53998
2014-12-05,295.47
2014-12-06,295.50998
2014-12-07,295.72998
2014-12-08,295.59
2014-12-09,295.44
2014-12-10,295.36
2014-12-11,295.63998
2014-12-12,295.63998
2014-12-13,295.50998
2014-12-14,295.19
2014-12-15,295.35
2014-12-16,295.21
2014-12-17,294.52
2014-12-18,294.46
2014-12-19,294.52
2014-12-20,294.33
2014-12-21,294.47
2014-12-22,294.83
2014-12-23,295.63998
2014-12-24,295.58
2014-12-25,295.07
2014-12-26,295.22
2014-12-27,295.18
2014-12-28,295.18
2014-12-29,294.82
2014-12-30,294.59
2014-12-31,293.65
2015-01-01,292.94998
2015-01-02,293.37
2015-01-03,293.28998
2015-01-04,293.63
2015-01-05,293.83
2015-01-06,293.44
2015-01-07,293.44998
2015-01-08,293.25998
2015-01-09,293.65
2015-01-10,293.74
2015-01-11,293.65
2015-01-12,293.82
2015-01-13,293.93
2015-01-14,293.87
2015-01-15,293.93
2015-01-16,293.66998
2015-01-17,293.68
2015-01-18,293.25
2015-01-19,293.25
2015-01-20,292.97
2015-01-21,292.6
2015-01-22,292.49
2015-01-23,292.34
2015-01-24,292.22
2015-01-25,292.28
2015-01-26,292.15
2015-01-27,292.61
2015-01-28,292.69
2015-01-29,292.85
2015-01-30,293.02
2015-01-31,292.82
2015-02-01,292.41
2015-02-02,292.44998
2015-02-03,292.50998
2015-02-04,292.32
2015-02-05,292.66998
2015-02-06,292.35
2015-02-07,292.83
2015-02-08,292.77
2015-02-09,292.62
2015-02-10,292.31
2015-02-11,292.13
2015-02-12,292.0
2015-02-13,292.05
2015-02-14,291.84
2015-02-15,292.52
2015-02-16,292.47998
2015-02-17,292.44
2015-02-18,292.19998
2015-02-19,291.77
2015-02-20,292.9
2015-02-21,292.77
2015-02-22,292.33
2015-02-23,292.38998
2015-02-24,292.77
2015-02-25,292.87
2015-02-26,292.96
2015-02-27,293.13
2015-02-28,293.33
2015-03-01,292.91
2015-03-02,292.5
2015-03-03,292.52
2015-03-04,292.99
2015-03-05,293.02
2015-03-06,292.82
2015-03-07,293.72
2015-03-08,293.53998
2015-03-09,292.93
2015-03-10,292.99
2015-03-11,292.6
2015-03-12,292.22
2015-03-13,292.13998
2015-03-14,292.21
2015-03-15,292.55
2015-03-16,293.06
2015-03-17,293.56
2015-03-18,293.61
2015-03-19,293.56
2015-03-20,293.53998
2015-03-21,293.86
2015-03-22,293.86
2015-03-23,293.88
2015-03-24,293.9
2015-03-25,293.97998
2015-03-26,294.03998
2015-03-27,294.16
2015-03-28,294.12
2015-03-29,294.63
2015-03-30,294.53
2015-03-31,294.69
2015-04-01,294.0
2015-04-02,294.07
2015-04-03,294.07
2015-04-04,294.85
2015-04-05,294.66
2015-04-06,294.75
2015-04-07,294.44998
2015-04-08,294.1
2015-04-09,294.05
2015-04-10,294.22
2015-04-11,294.25998
2015-04-12,294.34
2015-04-13,294.66998
2015-04-14,293.97
2015-04-15,293.93
2015-04-16,293.82
2015-04-17,293.91
2015-04-18,294.08
2015-04-19,294.28
2015-04-20,294.28
2015-04-21,293.91998
2015-04-22,293.71
2015-04-23,293.21
2015-04-24,293.69998
2015-04-25,293.4
2015-04-26,293.68
2015-04-27,294.07
2015-04-28,294.25
2015-04-29,294.50998
2015-04-30,294.35
2015-05-01,295.21
2015-05-02,295.47
2015-05-03,295.16998
2015-05-04,294.72998
2015-05-05,294.34
2015-05-06,294.46
2015-05-07,294.13998
2015-05-08,294.21
2015-05-09,294.07
2015-05-10,294.57
2015-05-11,294.86
2015-05-12,294.97998
2015-05-13,295.38
2015-05-14,295.53
2015-05-15,295.72998
2015-05-16,295.87
2015-05-17,295.74
2015-05-18,295.72998
2015-05-19,296.1
2015-05-20,296.16998
2015-05-21,296.19998
2015-05-22,296.18
2015-05-23,296.00998
2015-05-24,296.13998
2015-05-25,296.97
2015-05-26,297.50998
2015-05-27,297.78998
2015-05-28,296.59
2015-05-29,297.08
2015-05-30,297.15
2015-05-31,296.5
2015-06-01,296.69
2015-06-02,296.81
2015-06-03,296.50998
2015-06-04,297.0
2015-06-05,295.94998
2015-06-06,296.16
2015-06-07,296.31
2015-06-08,296.46
2015-06-09,297.28998
2015-06-10,297.43
2015-06-11,297.16998
2015-06-12,297.07
2015-06-13,297.16998
2015-06-14,297.53
2015-06-15,297.4
2015-06-16,297.62
2015-06-17,297.94998
2015-06-18,297.78
2015-06-19,297.6
2015-06-20,297.84
2015-06-21,298.09
2015-06-22,298.09
2015-06-23,299.31
2015-06-24,299.4
2015-06-25,299.28998
2015-06-26,299.53
2015-06-27,299.47
2015-06-28,298.81
2015-06-29,299.00998
2015-06-30,299.33
2015-07-01,298.96
2015-07-02,299.34
2015-07-03,299.6
2015-07-04,299.84
2015-07-05,299.53
2015-07-06,299.69998
2015-07-07,299.85
2015-07-08,300.66998
2015-07-09,300.66998
2015-07-10,300.63
2015-07-11,300.65
2015-07-12,300.46
2015-07-13,300.36
2015-07-14,300.63
2015-07-15,300.8
2015-07-16,300.77
2015-07-17,300.31
2015-07-18,300.58
2015-07-19,301.22998
2015-07-20,301.15
2015-07-21,301.07
2015-07-22,301.75
2015-07-23,301.72
2015-07-24,301.35
2015-07-25,301.41998
2015-07-26,300.83
2015-07-27,301.19
2015-07-28,301.34
2015-07-29,301.77
2015-07-30,301.87
2015-07-31,302.19998
2015-08-01,302.61
2015-08-02,302.58
2015-08-03,302.69998
2015-08-04,302.63
2015-08-05,302.61
2015-08-06,302.47
2015-08-07,302.44
2015-08-08,302.33
2015-08-09,302.24
2015-08-10,302.32
2015-08-11,302.38
2015-08-12,302.12
2015-08-13,302.11
2015-08-14,301.69
2015-08-15,301.78998
2015-08-16,301.72998
2015-08-17,301.81
2015-08-18,301.88998
2015-08-19,301.88998
2015-08-20,302.16
2015-08-21,302.22
2015-08-22,302.28998
2015-08-23,302.21
2015-08-24,301.85
2015-08-25,301.52
2015-08-26,301.37
2015-08-27,301.43
2015-08-28,301.25
2015-08-29,301.22998
2015-08-30,301.53998
2015-08-31,301.28998
2015-09-01,301.34
2015-09-02,301.02
2015-09-03,300.96
2015-09-04,301.09
2015-09-05,301.41
2015-09-06,301.35
2015-09-07,301.28
2015-09-08,301.15
2015-09-09,301.32
2015-09-10,300.97998
2015-09-11,301.05
2015-09-12,300.86
2015-09-13,300.88
2015-09-14,300.78
2015-09-15,300.68
2015-09-16,300.97998
2015-09-17,300.66998
2015-09-18,300.44998
2015-09-19,300.31
2015-09-20,300.38998
2015-09-21,300.22998
2015-09-22,300.25998
2015-09-23,300.18
2015-09-24,300.15
2015-09-25,300.3
2015-09-26,300.15
2015-09-27,300.13
2015-09-28,300.18
2015-09-29,299.97
2015-09-30,300.16998
2015-10-01,300.03
2015-10-02,300.34
2015-10-03,300.36
2015-10-04,300.37
2015-10-05,300.44998
2015-10-06,300.27
2015-10-07,300.15
2015-10-08,300.16
2015-10-09,299.93
2015-10-10,300.02
2015-10-11,299.8
2015-10-12,299.72
2015-10-13,299.47998
2015-10-14,299.72998
2015-10-15,299.35
2015-10-16,299.36
2015-10-17,299.69998
2015-10-18,299.63
2015-10-19,299.75998
2015-10-20,299.6
2015-10-21,299.47
2015-10-22,299.50998
2015-10-23,299.25
2015-10-24,299.16
2015-10-25,298.94998
2015-10-26,298.91
2015-10-27,298.99
2015-10-28,298.81
2015-10-29,298.74
2015-10-30,298.47998
2015-10-31,298.47
2015-11-01,298.43
2015-11-02,298.27
2015-11-03,298.38998
2015-11-04,298.16998
2015-11-05,297.91
2015-11-06,297.99
2015-11-07,297.8
2015-11-08,297.69
2015-11-09,297.69
2015-11-10,297.69
2015-11-11,297.84
2015-11-12,297.86
2015-11-13,297.78998
2015-11-14,298.13998
2015-11-15,298.38998
2015-11-16,298.31
2015-11-17,298.21
2015-11-18,298.32
2015-11-19,298.66998
2015-11-20,298.53998
2015-11-21,298.3
2015-11-22,298.36
2015-11-23,297.87
2015-11-24,297.46
2015-11-25,297.28
2015-11-26,297.05
2015-11-27,296.86
2015-11-28,296.18
2015-11-29,296.3
2015-11-30,296.46
2015-12-01,296.38998
2015-12-02,296.49
2015-12-03,296.28998
2015-12-04,296.16998
2015-12-05,296.03
2015-12-06,295.74
2015-12-07,295.88998
2015-12-08,295.91998
2015-12-09,295.81
2015-12-10,295.63
2015-12-11,295.78998
2015-12-12,296.08
2015-12-13,296.22998
2015-12-14,296.21
2015-12-15,295.85
2015-12-16,295.88998
2015-12-17,295.74
2015-12-18,295.53
2015-12-19,295.38
2015-12-20,295.47
2015-12-21,295.66
2015-12-22,295.83
2015-12-23,296.03998
2015-12-24,296.06
2015-12-25,295.94998
2015-12-26,295.61
2015-12-27,295.41
2015-12-28,295.3
2015-12-29,295.11
2015-12-30,294.72998
2015-12-31,294.72998
2016-01-01,294.69
2016-01-02,294.58
2016-01-03,294.66998
2016-01-04,294.44998
2016-01-05,294.55
2016-01-06,294.78998
2016-01-07,294.75
2016-01-08,294.93
2016-01-09,294.94
2016-01-10,295.03998
2016-01-11,295.03
2016-01-12,294.69998
2016-01-13,294.72
2016-01-14,294.13
2016-01-15,293.57
2016-01-16,293.41998
2016-01-17,293.28998
2016-01-18,293.08
2016-01-19,292.9
2016-01-20,292.65
2016-01-21,292.85
2016-01-22,292.9
2016-01-23,292.75
2016-01-24,292.36
2016-01-25,292.19998
2016-01-26,292.46
2016-01-27,292.72998
2016-01-28,292.88998
2016-01-29,292.96
2016-01-30,293.28998
2016-01-31,293.25998
2016-02-01,292.91998
2016-02-02,293.03
2016-02-03,293.08
2016-02-04,293.06
2016-02-05,293.00998
2016-02-06,293.69
2016-02-07,293.43
2016-02-08,293.38998
2016-02-09,293.13998
2016-02-10,293.69
2016-02-11,293.58
2016-02-12,293.88
2016-02-13,294.33
2016-02-14,294.43
2016-02-15,294.31
2016-02-16,293.88
2016-02-17,293.53998
2016-02-18,293.38
2016-02-19,293.22998
2016-02-20,293.12
2016-02-21,292.91998
2016-02-22,293.03
2016-02-23,293.66998
2016-02-24,293.4
2016-02-25,293.63998
2016-02-26,293.61
2016-02-27,293.72998
2016-02-28,293.66998
2016-02-29,293.46
2016-03-01,293.46
2016-03-02,293.46
2016-03-03,293.44
2016-03-04,293.35
2016-03-05,292.83
2016-03-06,292.68
2016-03-07,292.74
2016-03-08,293.13
2016-03-09,292.78998
2016-03-10,292.37
2016-03-11,292.03
2016-03-12,292.47
2016-03-13,292.4
2016-03-14,292.4
2016-03-15,293.03
2016-03-16,293.72998
2016-03-17,294.16998
2016-03-18,293.93
2016-03-19,294.38998
2016-03-20,294.59
2016-03-21,294.66
2016-03-22,294.52
2016-03-23,294.52
2016-03-24,294.65
2016-03-25,294.36
2016-03-26,294.11
2016-03-27,294.32
2016-03-28,294.5
2016-03-29,294.43
2016-03-30,294.41998
2016-03-31,294.5
2016-04-01,294.69998
2016-04-02,295.13
2016-04-03,294.69
2016-04-04,294.85
2016-04-05,294.81
2016-04-06,294.75
2016-04-07,294.6
2016-04-08,294.97
2016-04-09,295.0
2016-04-10,294.63998
2016-04-11,294.34
2016-04-12,294.03998
2016-04-13,294.59
2016-04-14,294.97998
2016-04-15,294.52
2016-04-16,294.84
2016-04-17,294.6
2016-04-18,294.28
2016-04-19,293.85
2016-04-20,293.94
2016-04-21,293.86
2016-04-22,294.27
2016-04-23,294.16
2016-04-24,294.58
2016-04-25,294.63
2016-04-26,294.6
2016-04-27,294.91
2016-04-28,295.47
2016-04-29,295.69
2016-04-30,296.03
2016-05-01,296.22998
2016-05-02,296.31
2016-05-03,295.58
2016-05-04,295.4
2016-05-05,295.28998
2016-05-06,295.22
2016-05-07,295.46
2016-05-08,295.31
2016-05-09,295.63
2016-05-10,294.44
2016-05-11,294.97
2016-05-12,295.78998
2016-05-13,295.75
2016-05-14,295.77
2016-05-15,295.86
2016-05-16,295.66
2016-05-17,296.58
2016-05-18,296.85
2016-05-19,296.28998
2016-05-20,296.24
2016-05-21,296.06
2016-05-22,296.47
2016-05-23,296.41
2016-05-24,296.77
2016-05-25,297.09
2016-05-26,297.12
2016-05-27,297.15
2016-05-28,297.34
2016-05-29,296.82
2016-05-30,297.37
2016-05-31,297.88
2016-06-01,297.69998
2016-06-02,297.81
2016-06-03,297.68
2016-06-04,297.50998
2016-06-05,297.53
2016-06-06,298.18
2016-06-07,298.78998
2016-06-08,298.81
2016-06-09,299.31
2016-06-10,299.87
2016-06-11,298.55
2016-06-12,298.57
2016-06-13,299.02
2016-06-14,299.11
2016-06-15,299.16998
2016-06-16,298.97998
2016-06-17,299.02
2016-06-18,299.37
2016-06-19,299.50998
2016-06-20,299.63
2016-06-21,299.8
2016-06-22,299.69998
2016-06-23,299.84
2016-06-24,299.50998
2016-06-25,299.72
2016-06-26,299.47998
2016-06-27,299.38
2016-06-28,299.77
2016-06-29,300.19998
2016-06-30,300.49
2016-07-01,300.1
2016-07-02,300.47998
2016-07-03,300.88
2016-07-04,301.41
2016-07-05,301.6
2016-07-06,301.83
2016-07-07,301.5
2016-07-08,301.02
2016-07-09,301.22998
2016-07-10,301.3
2016-07-11,301.25
2016-07-12,301.41998
2016-07-13,301.34
2016-07-14,301.22998
2016-07-15,301.25998
2016-07-16,301.24
2016-07-17,301.63
2016-07-18,302.53998
2016-07-19,302.63998
2016-07-20,302.66
2016-07-21,302.81
2016-07-22,303.09
2016-07-23,303.13
2016-07-24,303.3
2016-07-25,303.33
2016-07-26,302.8
2016-07-27,302.63
2016-07-28,303.46
2016-07-29,303.49
2016-07-30,303.22
2016-07-31,303.00998
2016-08-01,302.75998
2016-08-02,303.3
2016-08-03,303.16998
2016-08-04,303.03
2016-08-05,303.03998
2016-08-06,303.00998
2016-08-07,303.22998
2016-08-08,303.13
2016-08-09,303.08
2016-08-10,303.03998
2016-08-11,303.09
2016-08-12,303.44
2016-08-13,303.44
2016-08-14,303.61
2016-08-15,303.34
2016-08-16,303.25998
2016-08-17,303.4
2016-08-18,303.83
2016-08-19,303.87
2016-08-20,303.81
2016-08-21,303.52
2016-08-22,303.63998
2016-08-23,303.47998
2016-08-24,303.41998
2016-08-25,303.3
2016-08-26,303.31
2016-08-27,303.13
2016-08-28,302.77
2016-08-29,302.50998
2016-08-30,302.08
2016-08-31,301.91998
2016-09-01,301.91998
2016-09-02,301.13
2016-09-03,301.28
2016-09-04,301.57
2016-09-05,301.85
2016-09-06,301.72
2016-09-07,301.74
2016-09-08,302.07
2016-09-09,302.25
2016-09-10,302.6
2016-09-11,302.53998
2016-09-12,302.02
2016-09-13,302.24
2016-09-14,302.27
2016-09-15,302.3
2016-09-16,301.78998
2016-09-17,301.66
2016-09-18,301.55
2016-09-19,301.34
2016-09-20,301.32
2016-09-21,300.97998
2016-09-22,300.65
2016-09-23,300.55
2016-09-24,301.03998
2016-09-25,301.18
2016-09-26,301.00998
2016-09-27,300.77
2016-09-28,300.74
2016-09-29,301.36
2016-09-30,301.53
2016-10-01,301.41
2016-10-02,301.31
2016-10-03,301.0
2016-10-04,300.28
2016-10-05,300.5
2016-10-06,300.15
2016-10-07,300.03998
2016-10-08,300.09
2016-10-09,300.38
2016-10-10,300.16998
2016-10-11,299.82
2016-10-12,299.69
2016-10-13,299.47
2016-10-14,299.24
2016-10-15,298.71
2016-10-16,298.85
2016-10-17,299.33
2016-10-18,299.13998
2016-10-19,299.57
2016-10-20,299.4
2016-10-21,299.08
2016-10-22,299.16998
2016-10-23,299.18
2016-10-24,299.03
2016-10-25,298.88
2016-10-26,298.83
2016-10-27,299.15
2016-10-28,299.18
2016-10-29,299.66998
2016-10-30,299.43
2016-10-31,299.34
2016-11-01,299.13
2016-11-02,298.88998
2016-11-03,298.84
2016-11-04,298.38998
2016-11-05,298.19998
2016-11-06,298.24
2016-11-07,298.22
2016-11-08,299.02
2016-11-09,298.72998
2016-11-10,298.49
2016-11-11,298.44998
2016-11-12,298.62
2016-11-13,298.75
2016-11-14,298.75998
2016-11-15,298.65
2016-11-16,298.53998
2016-11-17,298.52
2016-11-18,298.32
2016-11-19,298.16
2016-11-20,298.05
2016-11-21,298.18
2016-11-22,297.91
2016-11-23,297.91
2016-11-24,297.25998
2016-11-25,297.11
2016-11-26,297.03
2016-11-27,297.19
2016-11-28,296.91998
2016-11-29,297.16998
2016-11-30,297.36
2016-12-01,297.41998
2016-12-02,298.08
2016-12-03,297.94
2016-12-04,298.03
2016-12-05,297.9
2016-12-06,298.0
2016-12-07,297.63
2016-12-08,297.13
2016-12-09,296.88
2016-12-10,296.4
2016-12-11,296.12
2016-12-12,296.11
2016-12-13,296.06
2016-12-14,295.86
2016-12-15,295.85
2016-12-16,296.0
2016-12-17,296.06
2016-12-18,295.99
2016-12-19,295.9
2016-12-20,296.13998
2016-12-21,296.02
2016-12-22,295.87
2016-12-23,295.82
2016-12-24,295.74
2016-12-25,295.82
2016-12-26,295.81
2016-12-27,295.5
2016-12-28,295.57
2016-12-29,295.38
2016-12-30,295.47
2016-12-31,295.33
2017-01-01,295.21
2017-01-02,295.16998
2017-01-03,295.58
2017-01-04,295.47998
2017-01-05,295.49
2017-01-06,295.49
2017-01-07,295.65
2017-01-08,295.58
2017-01-09,295.47998
2017-01-10,295.32
2017-01-11,295.13998
2017-01-12,295.06
2017-01-13,295.19
2017-01-14,295.81
2017-01-15,295.88998
2017-01-16,295.66
2017-01-17,295.44
2017-01-18,295.12
2017-01-19,295.38998
2017-01-20,295.38
2017-01-21,295.43
2017-01-22,295.12
2017-01-23,294.88998
2017-01-24,294.74
2017-01-25,294.61
2017-01-26,294.86
2017-01-27,294.91998
2017-01-28,295.22998
2017-01-29,295.21
2017-01-30,294.99
2017-01-31,294.47
2017-02-01,294.44998
2017-02-02,294.0
2017-02-03,293.72998
2017-02-04,293.81
2017-02-05,293.47
2017-02-06,293.53998
2017-02-07,293.61
2017-02-08,293.44
2017-02-09,293.38998
2017-02-10,293.28998
2017-02-11,292.96
2017-02-12,292.91998
2017-02-13,293.02
2017-02-14,293.09
2017-02-15,293.37
2017-02-16,293.72998
2017-02-17,293.53
2017-02-18,293.63
2017-02-19,293.38
2017-02-20,292.93
2017-02-21,292.86
2017-02-22,292.81
2017-02-23,293.03
2017-02-24,293.15
2017-02-25,293.37
2017-02-26,293.75998
2017-02-27,293.75
2017-02-28,294.59
2017-03-01,294.66
2017-03-02,294.63
2017-03-03,294.91
2017-03-04,295.35
2017-03-05,295.00998
2017-03-06,295.02
2017-03-07,294.83
2017-03-08,294.52
2017-03-09,294.63
2017-03-10,294.19
2017-03-11,294.25
2017-03-12,294.16998
2017-03-13,294.22
2017-03-14,294.50998
2017-03-15,294.53
2017-03-16,294.47998
2017-03-17,294.25
2017-03-18,294.35
2017-03-19,294.44
2017-03-20,294.3
2017-03-21,294.22998
2017-03-22,294.38
2017-03-23,294.63998
2017-03-24,294.69
2017-03-25,294.63998
2017-03-26,294.35
2017-03-27,293.99
2017-03-28,293.97
2017-03-29,293.72998
2017-03-30,293.66998
2017-03-31,293.85
2017-04-01,293.93
2017-04-02,293.75
2017-04-03,293.72998
2017-04-04,294.06
2017-04-05,293.63
2017-04-06,293.63998
2017-04-07,293.77
2017-04-08,293.59
2017-04-09,293.91998
2017-04-10,293.85
2017-04-11,293.34
2017-04-12,293.38998
2017-04-13,293.3
2017-04-14,293.5
2017-04-15,293.6
2017-04-16,293.9
2017-04-17,294.05
2017-04-18,294.08
2017-04-19,294.03998
2017-04-20,294.4
2017-04-21,294.57
2017-04-22,294.72998
2017-04-23,294.81
2017-04-24,294.91998
2017-04-25,294.55
2017-04-26,294.59
2017-04-27,294.47
2017-04-28,294.47
2017-04-29,294.03998
2017-04-30,294.22
2017-05-01,294.57
2017-05-02,294.57
2017-05-03,294.5
2017-05-04,294.36
2017-05-05,294.31
2017-05-06,294.50998
2017-05-07,294.81
2017-05-08,294.97
2017-05-09,295.41
2017-05-10,295.57
2017-05-11,296.02
2017-05-12,295.87
2017-05-13,295.94998
2017-05-14,296.53
2017-05-15,297.34
2017-05-16,297.61
2017-05-17,297.88998
2017-05-18,298.09
2017-05-19,298.44998
2017-05-20,298.33
2017-05-21,298.4
2017-05-22,298.28
2017-05-23,298.16
2017-05-24,298.13998
2017-05-25,298.22
2017-05-26,298.03998
2017-05-27,297.91998
2017-05-28,297.69998
2017-05-29,297.96
2017-05-30,298.35
2017-05-31,298.69998
2017-06-01,298.56
2017-06-02,298.84
2017-06-03,299.02
2017-06-04,298.62
2017-06-05,298.61
2017-06-06,298.33
2017-06-07,298.22998
2017-06-08,298.16
2017-06-09,298.18
2017-06-10,298.11
2017-06-11,298.05
2017-06-12,298.02
2017-06-13,298.00998
2017-06-14,297.94998
2017-06-15,298.13
2017-06-16,298.07
2017-06-17,298.38
2017-06-18,298.53
2017-06-19,298.63
2017-06-20,298.47
2017-06-21,298.28998
2017-06-22,298.19998
2017-06-23,298.41998
2017-06-24,298.93
2017-06-25,298.91
2017-06-26,298.87
2017-06-27,298.93
2017-06-28,299.03
2017-06-29,299.59
2017-06-30,299.88998
2017-07-01,300.47
2017-07-02,300.47998
2017-07-03,300.68
2017-07-04,300.38
2017-07-05,300.49
2017-07-06,300.62
2017-07-07,300.72998
2017-07-08,301.16998
2017-07-09,300.88
2017-07-10,301.11
2017-07-11,301.33
2017-07-12,301.1
2017-07-13,301.3
2017-07-14,301.65
2017-07-15,302.03998
2017-07-16,302.50998
2017-07-17,302.44
2017-07-18,302.3
2017-07-19,301.87
2017-07-20,302.07
2017-07-21,302.28998
2017-07-22,302.38998
2017-07-23,302.78998
2017-07-24,302.72998
2017-07-25,302.65
2017-07-26,302.91998
2017-07-27,303.25998
2017-07-28,303.27
2017-07-29,303.61
2017-07-30,303.94
2017-07-31,304.07
2017-08-01,304.16
2017-08-02,304.06
2017-08-03,303.97
2017-08-04,303.55
2017-08-05,303.05
2017-08-06,302.61
2017-08-07,302.72998
2017-08-08,302.61
2017-08-09,302.99
2017-08-10,302.91998
2017-08-11,302.91998
2017-08-12,302.91
2017-08-13,303.31
2017-08-14,303.35
2017-08-15,303.91998
2017-08-16,303.62
2017-08-17,303.4
2017-08-18,303.53998
2017-08-19,303.8
2017-08-20,303.87
2017-08-21,303.55
2017-08-22,303.28
2017-08-23,303.33
2017-08-24,303.49
2017-08-25,303.5
2017-08-26,303.46
2017-08-27,303.61
2017-08-28,303.99
2017-08-29,304.00998
2017-08-30,303.74
2017-08-31,303.5
2017-09-01,303.32
2017-09-02,303.03
2017-09-03,302.93
2017-09-04,302.97
2017-09-05,302.77
2017-09-06,303.19998
2017-09-07,302.91
2017-09-08,302.63
2017-09-09,302.77
2017-09-10,302.71
2017-09-11,302.53
2017-09-12,302.38998
2017-09-13,302.4
2017-09-14,302.22
2017-09-15,302.08
2017-09-16,301.9
2017-09-17,301.75
2017-09-18,301.57
2017-09-19,301.50998
2017-09-20,301.58
2017-09-21,301.19
2017-09-22,300.99
2017-09-23,300.78
2017-09-24,300.6
2017-09-25,300.65
2017-09-26,300.66
2017-09-27,300.99
2017-09-28,301.72998
2017-09-29,301.53
2017-09-30,301.31
2017-10-01,300.86
2017-10-02,301.12
2017-10-03,301.37
2017-10-04,301.3
2017-10-05,301.28
2017-10-06,301.25998
2017-10-07,301.38
2017-10-08,301.16998
2017-10-09,301.03
2017-10-10,300.78998
2017-10-11,300.36
2017-10-12,300.3
2017-10-13,299.88998
2017-10-14,299.81
2017-10-15,299.72
2017-10-16,299.75998
2017-10-17,299.69998
2017-10-18,299.66
2017-10-19,299.69
2017-10-20,299.69998
2017-10-21,299.78
2017-10-22,300.00998
2017-10-23,299.94998
2017-10-24,299.65
2017-10-25,299.3
2017-10-26,299.15
2017-10-27,299.19998
2017-10-28,298.94
2017-10-29,298.97998
2017-10-30,298.74
2017-10-31,298.57
2017-11-01,298.61
2017-11-02,298.28998
2017-11-03,298.50998
2017-11-04,297.72
2017-11-05,297.56
2017-11-06,297.5
2017-11-07,297.4
2017-11-08,297.58
2017-11-09,297.66
2017-11-10,297.72998
2017-11-11,298.00998
2017-11-12,298.08
2017-11-13,298.11
2017-11-14,298.13
2017-11-15,298.15
2017-11-16,297.93
2017-11-17,297.82
2017-11-18,297.84
2017-11-19,298.09
2017-11-20,297.62
2017-11-21,297.25998
2017-11-22,297.38
2017-11-23,297.03
2017-11-24,296.83
2017-11-25,296.85
2017-11-26,297.24
2017-11-27,297.22998
2017-11-28,297.68
2017-11-29,297.50998
2017-11-30,297.5
2017-12-01,297.38
2017-12-02,297.32
2017-12-03,297.18
2017-12-04,296.93
2017-12-05,297.0
2017-12-06,296.28998
2017-12-07,296.4
2017-12-08,296.49
2017-12-09,296.33
2017-12-10,296.27
2017-12-11,295.94998
2017-12-12,295.94998
2017-12-13,295.94998
2017-12-14,295.83
2017-12-15,295.77
2017-12-16,295.49
2017-12-17,295.50998
2017-12-18,295.5
2017-12-19,295.58
2017-12-20,295.65
2017-12-21,295.53998
2017-12-22,295.71
2017-12-23,296.03
2017-12-24,295.85
2017-12-25,295.91
2017-12-26,295.66998
2017-12-27,295.41
2017-12-28,295.5
2017-12-29,295.4
2017-12-30,295.28998
2017-12-31,295.25998
2018-01-01,295.22998
2018-01-02,295.22
2018-01-03,294.88998
2018-01-04,294.37
2018-01-05,294.77
2018-01-06,294.62
2018-01-07,294.56
2018-01-08,294.94998
2018-01-09,294.82
2018-01-10,294.88
2018-01-11,294.46
2018-01-12,294.37
2018-01-13,294.13998
2018-01-14,294.19998
2018-01-15,294.63
2018-01-16,294.53998
2018-01-17,294.53
2018-01-18,294.32
2018-01-19,294.00998
2018-01-20,294.11
2018-01-21,294.06
2018-01-22,294.1
2018-01-23,293.66
2018-01-24,293.83
2018-01-25,293.91998
2018-01-26,294.09
2018-01-27,294.16
2018-01-28,294.28998
2018-01-29,293.88
2018-01-30,293.49
2018-01-31,293.57
2018-02-01,293.78998
2018-02-02,293.47
2018-02-03,293.22998
2018-02-04,292.77
2018-02-05,292.68
2018-02-06,292.4
2018-02-07,292.25998
2018-02-08,291.94
2018-02-09,292.28
2018-02-10,292.41998
2018-02-11,291.65
2018-02-12,292.07
2018-02-13,292.78998
2018-02-14,293.61
2018-02-15,293.49
2018-02-16,293.44998
2018-02-17,294.0
2018-02-18,294.25998
2018-02-19,293.47998
2018-02-20,293.28998
2018-02-21,292.88
2018-02-22,292.78998
2018-02-23,292.32
2018-02-24,292.88
2018-02-25,293.16
2018-02-26,293.66
2018-02-27,294.58
2018-02-28,294.25998
2018-03-01,294.19
2018-03-02,294.74
2018-03-03,294.50998
2018-03-04,294.9
2018-03-05,294.99
2018-03-06,294.77
2018-03-07,294.56
2018-03-08,294.49
2018-03-09,293.57
2018-03-10,293.52
2018-03-11,293.1
2018-03-12,292.85
2018-03-13,292.61
2018-03-14,292.75
2018-03-15,293.00998
2018-03-16,292.47
2018-03-17,292.32
2018-03-18,291.88
2018-03-19,292.13998
2018-03-20,291.52
2018-03-21,291.53
2018-03-22,292.78
2018-03-23,294.16998
2018-03-24,294.88998
2018-03-25,294.84
2018-03-26,294.97
2018-03-27,295.36
2018-03-28,294.62
2018-03-29,294.82
2018-03-30,294.61
2018-03-31,294.71
2018-04-01,294.94
2018-04-02,295.50998
2018-04-03,296.22
2018-04-04,296.13
2018-04-05,296.49
2018-04-06,295.84
2018-04-07,294.72
2018-04-08,293.69998
2018-04-09,293.22
2018-04-10,293.28998
2018-04-11,293.3
2018-04-12,293.93
2018-04-13,293.97998
2018-04-14,293.9
2018-04-15,293.3
2018-04-16,294.11
2018-04-17,294.19998
2018-04-18,295.06
2018-04-19,295.35
2018-04-20,295.82
2018-04-21,295.66
2018-04-22,295.63
2018-04-23,295.34
2018-04-24,294.97
2018-04-25,294.63
2018-04-26,294.91998
2018-04-27,295.25998
2018-04-28,294.86
2018-04-29,295.87
2018-04-30,296.28
2018-05-01,296.36
2018-05-02,295.97
2018-05-03,295.96
2018-05-04,296.09
2018-05-05,297.22
2018-05-06,297.41998
2018-05-07,296.91998
2018-05-08,296.71
2018-05-09,296.91998
2018-05-10,297.16998
2018-05-11,297.4
2018-05-12,297.16
2018-05-13,296.88
2018-05-14,297.06
2018-05-15,297.07
2018-05-16,297.1
2018-05-17,297.16
2018-05-18,297.22998
2018-05-19,296.97
2018-05-20,297.00998
2018-05-21,298.15
2018-05-22,298.91998
2018-05-23,299.1
2018-05-24,298.62
2018-05-25,298.52
2018-05-26,297.38
2018-05-27,297.07
2018-05-28,296.97998
2018-05-29,297.12
2018-05-30,297.5
2018-05-31,297.38
2018-06-01,296.97998
2018-06-02,297.50998
2018-06-03,298.00998
2018-06-04,298.07
2018-06-05,297.96
2018-06-06,298.06
2018-06-07,298.16
2018-06-08,298.83
2018-06-09,298.96
2018-06-10,298.94
2018-06-11,299.18
2018-06-12,299.03998
2018-06-13,298.50998
2018-06-14,298.19998
2018-06-15,299.06
2018-06-16,299.55
2018-06-17,299.81
2018-06-18,299.75
2018-06-19,299.63
2018-06-20,299.62
2018-06-21,299.57
2018-06-22,299.47
2018-06-23,299.13998
2018-06-24,299.83
2018-06-25,300.3
2018-06-26,300.47
2018-06-27,300.25998
2018-06-28,300.03998
2018-06-29,300.37
2018-06-30,300.12
2018-07-01,300.5
2018-07-02,300.24
2018-07-03,299.75
2018-07-04,299.81
2018-07-05,299.97998
2018-07-06,299.9
2018-07-07,300.05
2018-07-08,300.24
2018-07-09,300.38
2018-07-10,300.57
2018-07-11,300.66
2018-07-12,301.03
2018-07-13,301.53998
2018-07-14,301.75
2018-07-15,302.00998
2018-07-16,301.97998
2018-07-17,301.77
2018-07-18,301.63
2018-07-19,301.78
2018-07-20,301.57
2018-07-21,301.28998
2018-07-22,301.21
2018-07-23,301.34
2018-07-24,301.78998
2018-07-25,301.86
2018-07-26,302.0
2018-07-27,301.88998
2018-07-28,302.28
2018-07-29,301.6
2018-07-30,301.4
2018-07-31,301.55
2018-08-01,301.75
2018-08-02,301.81
2018-08-03,301.71
2018-08-04,302.16
2018-08-05,302.18
2018-08-06,302.11
2018-08-07,302.47
2018-08-08,302.58
2018-08-09,302.47
2018-08-10,302.87
2018-08-11,302.82
2018-08-12,302.74
2018-08-13,302.62
2018-08-14,302.72
2018-08-15,302.47998
2018-08-16,302.66998
2018-08-17,302.15
2018-08-18,302.12
2018-08-19,302.08
2018-08-20,302.09
2018-08-21,301.88998
2018-08-22,301.8
2018-08-23,301.71
2018-08-24,301.63
2018-08-25,301.75
2018-08-26,301.96
2018-08-27,302.19998
2018-08-28,302.27
2018-08-29,302.46
2018-08-30,302.44998
2018-08-31,302.41998
2018-09-01,302.50998
2018-09-02,302.63998
2018-09-03,302.66998
2018-09-04,302.22
2018-09-05,302.59
2018-09-06,302.24
2018-09-07,301.96
2018-09-08,301.77
2018-09-09,301.82
2018-09-10,301.44998
2018-09-11,301.6
2018-09-12,301.50998
2018-09-13,301.44
2018-09-14,301.53998
2018-09-15,301.77
2018-09-16,302.07
2018-09-17,302.25
2018-09-18,302.16998
2018-09-19,302.28
2018-09-20,302.18
2018-09-21,301.6
2018-09-22,301.78
2018-09-23,301.91
2018-09-24,301.31
2018-09-25,301.22
2018-09-26,300.94998
2018-09-27,300.97
2018-09-28,300.96
2018-09-29,300.53998
2018-09-30,301.24
2018-10-01,300.97
2018-10-02,301.19998
2018-10-03,301.02
2018-10-04,300.94
2018-10-05,300.35
2018-10-06,300.35
2018-10-07,300.19998
2018-10-08,299.97998
2018-10-09,299.96
2018-10-10,300.03998
2018-10-11,299.82
2018-10-12,299.22
2018-10-13,299.12
2018-10-14,299.13998
2018-10-15,299.08
2018-10-16,299.03998
2018-10-17,298.74
2018-10-18,298.53
2018-10-19,298.55
2018-10-20,298.44998
2018-10-21,298.41
2018-10-22,298.44998
2018-10-23,298.81
2018-10-24,299.07
2018-10-25,299.16
2018-10-26,299.05
2018-10-27,298.81
2018-10-28,298.22
2018-10-29,298.13
2018-10-30,298.05
2018-10-31,297.62
2018-11-01,297.65
2018-11-02,297.43
2018-11-03,297.28
2018-11-04,297.6
2018-11-05,297.93
2018-11-06,298.43
2018-11-07,298.33
2018-11-08,298.15
2018-11-09,298.22998
2018-11-10,298.78
2018-11-11,298.50998
2018-11-12,298.52
2018-11-13,298.53
2018-11-14,298.58
2018-11-15,298.41998
2018-11-16,298.41
2018-11-17,298.38998
2018-11-18,298.13998
2018-11-19,298.13998
2018-11-20,297.94998
2018-11-21,297.91
2018-11-22,297.75998
2018-11-23,297.47
2018-11-24,297.09
2018-11-25,297.24
2018-11-26,297.15
2018-11-27,297.00998
2018-11-28,296.78
2018-11-29,297.18
2018-11-30,297.36
2018-12-01,297.8
2018-12-02,297.02
2018-12-03,297.22
2018-12-04,297.28
2018-12-05,297.37
2018-12-06,297.09
2018-12-07,296.88998
2018-12-08,296.82
2018-12-09,296.34
2018-12-10,296.15
2018-12-11,296.02
2018-12-12,296.25
2018-12-13,295.77
2018-12-14,295.33
2018-12-15,295.27
2018-12-16,295.37
2018-12-17,294.8
2018-12-18,294.28
2018-12-19,294.53
2018-12-20,294.38
2018-12-21,294.78
2018-12-22,294.93
2018-12-23,295.49
2018-12-24,295.37
2018-12-25,295.47998
2018-12-26,296.11
2018-12-27,295.94
2018-12-28,296.27
2018-12-29,295.65
2018-12-30,295.41
2018-12-31,295.49
2019-01-01,295.03998
2019-01-02,295.12
2019-01-03,294.63
2019-01-04,294.57
2019-01-05,294.24
2019-01-06,293.63998
2019-01-07,294.44
2019-01-08,294.24
2019-01-09,294.31
2019-01-10,294.63
2019-01-11,294.71
2019-01-12,294.59
2019-01-13,294.81
2019-01-14,295.22998
2019-01-15,295.06
2019-01-16,294.38
2019-01-17,294.19998
2019-01-18,293.33
2019-01-19,293.43
2019-01-20,293.88998
2019-01-21,294.18
2019-01-22,293.86
2019-01-23,293.97
2019-01-24,294.47998
2019-01-25,294.41
2019-01-26,294.24
2019-01-27,293.75998
2019-01-28,293.27
2019-01-29,293.19998
2019-01-30,293.38998
2019-01-31,293.27
2019-02-01,293.00998
2019-02-02,292.97
2019-02-03,292.47
2019-02-04,292.38
2019-02-05,292.41998
2019-02-06,292.18
2019-02-07,292.19998
2019-02-08,292.1
2019-02-09,292.03998
2019-02-10,292.41998
2019-02-11,292.58
2019-02-12,293.21
2019-02-13,294.47998
2019-02-14,294.99
2019-02-15,294.38
2019-02-16,294.69998
2019-02-17,295.03998
2019-02-18,295.58
2019-02-19,294.44
2019-02-20,294.31
2019-02-21,294.13
2019-02-22,294.24
2019-02-23,293.62
2019-02-24,293.78
2019-02-25,294.18
2019-02-26,294.41
2019-02-27,294.41
2019-02-28,295.15
2019-03-01,295.65
2019-03-02,295.74
2019-03-03,296.27
2019-03-04,296.32
2019-03-05,296.21
2019-03-06,296.07
2019-03-07,295.34
2019-03-08,294.91998
2019-03-09,295.15
2019-03-10,294.63998
2019-03-11,295.12
2019-03-12,295.43
2019-03-13,295.47998
2019-03-14,295.41998
2019-03-15,295.66998
2019-03-16,294.53
2019-03-17,294.85
2019-03-18,294.47998
2019-03-19,293.50998
2019-03-20,293.41
2019-03-21,293.13
2019-03-22,293.43
2019-03-23,293.87
2019-03-24,294.93
2019-03-25,295.66998
2019-03-26,294.82
2019-03-27,294.82
2019-03-28,294.81
2019-03-29,293.22
2019-03-30,292.97998
2019-03-31,292.8
2019-04-01,292.61
2019-04-02,292.75998
2019-04-03,292.71
2019-04-04,293.08
2019-04-05,292.56
2019-04-06,292.27
2019-04-07,292.85
2019-04-08,292.63
2019-04-09,293.33
2019-04-10,292.44
2019-04-11,292.03998
2019-04-12,292.75
2019-04-13,292.8
2019-04-14,292.02
2019-04-15,292.13
2019-04-16,293.18
2019-04-17,291.88998
2019-04-18,293.03
2019-04-19,292.66
2019-04-20,293.00998
2019-04-21,293.12
2019-04-22,294.21
2019-04-23,294.31
2019-04-24,294.47
2019-04-25,295.31
2019-04-26,296.12
2019-04-27,295.84
2019-04-28,296.05
2019-04-29,295.9
2019-04-30,296.03
2019-05-01,294.78998
2019-05-02,295.41998
2019-05-03,296.13998
2019-05-04,297.43
2019-05-05,298.50998
2019-05-06,297.47
2019-05-07,297.8
2019-05-08,297.56
2019-05-09,297.47
2019-05-10,297.50998
2019-05-11,298.18
2019-05-12,297.88
2019-05-13,297.75
2019-05-14,297.19
2019-05-15,297.28998
2019-05-16,297.28998
2019-05-17,297.28
2019-05-18,297.25998
2019-05-19,296.25
2019-05-20,295.91
2019-05-21,295.77
2019-05-22,296.33
2019-05-23,297.12
2019-05-24,296.47998
2019-05-25,297.81
2019-05-26,297.78
2019-05-27,297.69998
2019-05-28,296.99
2019-05-29,296.38998
2019-05-30,297.21
2019-05-31,297.25998
2019-06-01,297.13998
2019-06-02,297.00998
2019-06-03,296.77
2019-06-04,296.07
2019-06-05,295.97998
2019-06-06,296.72
2019-06-07,295.96
2019-06-08,296.63
2019-06-09,297.00998
2019-06-10,298.53
2019-06-11,299.27
2019-06-12,298.87
2019-06-13,299.41
2019-06-14,299.57
2019-06-15,299.66998
2019-06-16,299.47
2019-06-17,299.57
2019-06-18,299.77
2019-06-19,298.94998
2019-06-20,298.96
2019-06-21,299.83
2019-06-22,299.56
2019-06-23,300.43
2019-06-24,300.16
2019-06-25,299.94998
2019-06-26,300.47998
2019-06-27,301.16
2019-06-28,300.56
2019-06-29,301.22
2019-06-30,300.99
2019-07-01,300.24
2019-07-02,300.32
2019-07-03,299.52
2019-07-04,299.77
2019-07-05,299.86
2019-07-06,300.28998
2019-07-07,300.08
2019-07-08,300.13
2019-07-09,300.47
2019-07-10,300.44998
2019-07-11,300.21
2019-07-12,300.34
2019-07-13,301.16998
2019-07-14,301.07
2019-07-15,301.19998
2019-07-16,301.41
2019-07-17,301.32
2019-07-18,300.84
2019-07-19,300.38998
2019-07-20,300.78
2019-07-21,300.63998
2019-07-22,301.09
2019-07-23,301.09
2019-07-24,301.52
2019-07-25,301.82
2019-07-26,302.15
2019-07-27,301.97998
2019-07-28,302.19
2019-07-29,302.16
2019-07-30,302.41998
2019-07-31,302.35
2019-08-01,302.53998
2019-08-02,302.44
2019-08-03,301.93
2019-08-04,302.12
2019-08-05,302.12
2019-08-06,302.72
2019-08-07,302.37
2019-08-08,302.03998
2019-08-09,302.07
2019-08-10,301.74
2019-08-11,301.69
2019-08-12,301.88
2019-08-13,302.32
2019-08-14,301.32
2019-08-15,301.49
2019-08-16,301.74
2019-08-17,302.19
2019-08-18,302.0
2019-08-19,301.9
2019-08-20,301.75
2019-08-21,301.82
2019-08-22,302.03
2019-08-23,302.03
2019-08-24,301.96
2019-08-25,302.0
2019-08-26,302.34
2019-08-27,302.25998
2019-08-28,302.4
2019-08-29,302.21
2019-08-30,302.46
2019-08-31,302.09
2019-09-01,302.63
2019-09-02,302.53
2019-09-03,302.33
2019-09-04,302.35
2019-09-05,302.31
2019-09-06,302.02
2019-09-07,302.22
2019-09-08,302.22998
2019-09-09,301.97
2019-09-10,302.16998
2019-09-11,302.41
2019-09-12,302.03998
2019-09-13,302.0
2019-09-14,301.8
2019-09-15,301.84
2019-09-16,301.97
2019-09-17,301.85
2019-09-18,301.84
2019-09-19,301.63998
2019-09-20,301.16
2019-09-21,301.16
2019-09-22,300.84
2019-09-23,300.84
2019-09-24,300.68
2019-09-25,300.6
2019-09-26,300.74
2019-09-27,300.65
2019-09-28,301.03
2019-09-29,300.94
2019-09-30,300.91
2019-10-01,300.71
2019-10-02,300.19
2019-10-03,299.8
2019-10-04,299.38
2019-10-05,299.72
2019-10-06,299.77
2019-10-07,299.96
2019-10-08,300.12
2019-10-09,300.02
2019-10-10,300.19
2019-10-11,299.93
2019-10-12,299.75998
2019-10-13,299.41998
2019-10-14,299.41998
2019-10-15,299.25
2019-10-16,298.78998
2019-10-17,299.32
2019-10-18,299.44
2019-10-19,299.49
2019-10-20,299.33
2019-10-21,299.49
2019-10-22,299.58
2019-10-23,299.49
2019-10-24,299.6
2019-10-25,299.33
2019-10-26,299.53
2019-10-27,299.22
2019-10-28,299.12
2019-10-29,299.19998
2019-10-30,298.82
2019-10-31,298.87
2019-11-01,298.8
2019-11-02,298.25998
2019-11-03,298.02
2019-11-04,297.69
2019-11-05,297.52
2019-11-06,297.72
2019-11-07,297.68
2019-11-08,297.24
2019-11-09,297.03
2019-11-10,297.05
2019-11-11,297.22
2019-11-12,297.9
2019-11-13,297.44998
2019-11-14,298.35
2019-11-15,298.13998
2019-11-16,298.31
2019-11-17,297.99
2019-11-18,298.72
2019-11-19,298.44
2019-11-20,297.84
2019-11-21,297.63998
2019-11-22,297.41998
2019-11-23,297.28998
2019-11-24,297.19
2019-11-25,297.61
2019-11-26,297.61
2019-11-27,297.75998
2019-11-28,298.09
2019-11-29,297.83
2019-11-30,297.78998
2019-12-01,297.3
2019-12-02,297.44
2019-12-03,297.62
2019-12-04,297.61
2019-12-05,297.82
2019-12-06,297.34
2019-12-07,297.13998
2019-12-08,296.61
2019-12-09,296.66998
2019-12-10,296.41998
2019-12-11,295.88
2019-12-12,295.94998
2019-12-13,296.06
2019-12-14,295.6
2019-12-15,295.46
2019-12-16,295.47
2019-12-17,295.5
2019-12-18,295.41998
2019-12-19,295.25998
2019-12-20,296.33
2019-12-21,295.94998
2019-12-22,295.82
2019-12-23,296.13
2019-12-24,296.75
2019-12-25,296.02
2019-12-26,296.53998
2019-12-27,296.34
2019-12-28,296.12
2019-12-29,296.03998
2019-12-30,295.9
2019-12-31,295.33
2020-01-01,295.33
2020-01-02,295.8
2020-01-03,296.1
2020-01-04,296.33
2020-01-05,296.03
2020-01-06,296.13
2020-01-07,296.25998
2020-01-08,295.93
2020-01-09,295.62
2020-01-10,295.55
2020-01-11,295.5
2020-01-12,294.96
2020-01-13,294.18
2020-01-14,293.97
2020-01-15,293.36
2020-01-16,293.24
2020-01-17,293.46
2020-01-18,293.31
2020-01-19,293.43
2020-01-20,293.44998
2020-01-21,293.56
2020-01-22,294.02
2020-01-23,293.71
2020-01-24,294.09
2020-01-25,293.71
2020-01-26,292.9
2020-01-27,293.53
2020-01-28,293.49
2020-01-29,293.63998
2020-01-30,293.78998
2020-01-31,293.37
2020-02-01,293.28
2020-02-02,292.97
2020-02-03,292.91998
2020-02-04,293.36
2020-02-05,292.38
2020-02-06,292.93
2020-02-07,294.25
2020-02-08,294.25
2020-02-09,294.47998
2020-02-10,294.38
2020-02-11,294.85
2020-02-12,294.28998
2020-02-13,294.16998
2020-02-14,292.55
2020-02-15,292.78
2020-02-16,292.97
2020-02-17,292.38
2020-02-18,292.85
2020-02-19,293.94998
2020-02-20,294.52
2020-02-21,294.55
2020-02-22,294.27
2020-02-23,295.03998
2020-02-24,295.18
2020-02-25,294.44
2020-02-26,294.84
2020-02-27,294.35
2020-02-28,294.16
2020-02-29,292.99
2020-03-01,293.11
2020-03-02,292.27
2020-03-03,292.61
2020-03-04,292.94998
2020-03-05,292.55
2020-03-06,293.19998
2020-03-07,294.25
2020-03-08,294.8
2020-03-09,294.85
2020-03-10,294.57
2020-03-11,294.36
2020-03-12,294.66
2020-03-13,295.50998
2020-03-14,295.5
2020-03-15,295.28998
2020-03-16,295.00998
2020-03-17,294.57
2020-03-18,294.41998
2020-03-19,294.11
2020-03-20,294.36
2020-03-21,293.56
2020-03-22,294.3
2020-03-23,293.91998
2020-03-24,294.78998
2020-03-25,295.88
2020-03-26,295.81
2020-03-27,294.99
2020-03-28,294.34
2020-03-29,294.84
2020-03-30,294.66998
2020-03-31,293.97998
2020-04-01,294.53
2020-04-02,293.66
2020-04-03,294.16
2020-04-04,293.63
2020-04-05,293.31
2020-04-06,294.03
2020-04-07,293.18
2020-04-08,294.52
2020-04-09,294.09
2020-04-10,295.33
2020-04-11,295.28
2020-04-12,295.24
2020-04-13,295.15
2020-04-14,295.3
2020-04-15,295.28
2020-04-16,294.16
2020-04-17,294.19
2020-04-18,294.65
2020-04-19,294.05
2020-04-20,294.94998
2020-04-21,295.38998
2020-04-22,294.93
2020-04-23,294.00998
2020-04-24,293.36
2020-04-25,293.65
2020-04-26,293.9
2020-04-27,294.12
2020-04-28,295.24
2020-04-29,296.46
2020-04-30,297.63998
2020-05-01,297.53998
2020-05-02,297.1
2020-05-03,296.88998
2020-05-04,296.97
2020-05-05,297.38
2020-05-06,297.1
2020-05-07,297.91
2020-05-08,297.86
2020-05-09,297.44998
2020-05-10,296.53998
2020-05-11,295.81
2020-05-12,296.88998
2020-05-13,298.32
2020-05-14,298.09
2020-05-15,297.38
2020-05-16,297.19
2020-05-17,297.22
2020-05-18,297.25
2020-05-19,295.66
2020-05-20,296.03
2020-05-21,296.18
2020-05-22,296.08
2020-05-23,297.94998
2020-05-24,299.32
2020-05-25,299.19
2020-05-26,299.13998
2020-05-27,298.93
2020-05-28,299.52
2020-05-29,299.75
2020-05-30,299.41998
2020-05-31,298.65
2020-06-01,299.19
2020-06-02,298.97998
2020-06-03,298.24
2020-06-04,298.38
2020-06-05,297.62
2020-06-06,297.72
2020-06-07,298.28998
2020-06-08,298.5
2020-06-09,299.07
2020-06-10,299.05
2020-06-11,299.00998
2020-06-12,300.03998
2020-06-13,300.41998
2020-06-14,300.34
2020-06-15,300.08
2020-06-16,300.03998
2020-06-17,300.02
2020-06-18,299.86
2020-06-19,299.53
2020-06-20,299.75
2020-06-21,299.86
2020-06-22,299.85
2020-06-23,299.66998
2020-06-24,299.75998
2020-06-25,299.88998
2020-06-26,299.9
2020-06-27,299.37
2020-06-28,299.28
2020-06-29,300.19998
2020-06-30,299.8
2020-07-01,300.59
2020-07-02,300.59
2020-07-03,300.53998
2020-07-04,300.83
2020-07-05,300.83
2020-07-06,300.28998
2020-07-07,300.3
2020-07-08,300.4
2020-07-09,300.5
2020-07-10,300.11
2020-07-11,300.22998
2020-07-12,300.68
2020-07-13,301.1
2020-07-14,300.94998
2020-07-15,299.87
2020-07-16,299.97
2020-07-17,300.16998
2020-07-18,300.16998
2020-07-19,301.5
2020-07-20,302.16998
2020-07-21,302.56
2020-07-22,302.59
2020-07-23,302.66998
2020-07-24,302.11
2020-07-25,302.06
2020-07-26,301.28998
2020-07-27,301.94
2020-07-28,301.94
2020-07-29,302.12
2020-07-30,302.44
2020-07-31,302.59
2020-08-01,302.53998
2020-08-02,302.69998
2020-08-03,302.57
2020-08-04,302.58
2020-08-05,302.57
2020-08-06,302.61
2020-08-07,302.75998
2020-08-08,302.88
2020-08-09,302.58
2020-08-10,302.38
2020-08-11,302.41
2020-08-12,302.65
2020-08-13,303.13
2020-08-14,303.28
2020-08-15,303.46
2020-08-16,303.35
2020-08-17,303.33
2020-08-18,303.25998
2020-08-19,303.16
2020-08-20,303.36
2020-08-21,303.4
2020-08-22,303.4
2020-08-23,303.32
2020-08-24,303.05
2020-08-25,302.75
2020-08-26,302.19
2020-08-27,302.41998
2020-08-28,301.86
2020-08-29,301.50998
2020-08-30,301.66
2020-08-31,301.87
2020-09-01,301.28
2020-09-02,300.82
2020-09-03,300.49
2020-09-04,300.5
2020-09-05,300.3
2020-09-06,300.52
2020-09-07,300.66998
2020-09-08,301.25
2020-09-09,301.03
2020-09-10,300.49
2020-09-11,300.69
2020-09-12,300.66
2020-09-13,300.72
2020-09-14,300.74
2020-09-15,301.03
2020-09-16,301.16
2020-09-17,301.3
2020-09-18,301.0
2020-09-19,301.13998
2020-09-20,300.74
2020-09-21,300.53
2020-09-22,300.53
2020-09-23,300.31
2020-09-24,300.52
2020-09-25,300.49
2020-09-26,299.91
2020-09-27,299.84
2020-09-28,300.19998
2020-09-29,300.33
2020-09-30,301.12
2020-10-01,300.94998
2020-10-02,301.00998
2020-10-03,301.19
2020-10-04,300.91
2020-10-05,301.19998
2020-10-06,300.85
2020-10-07,300.74
2020-10-08,300.53
2020-10-09,299.97
2020-10-10,299.37
2020-10-11,298.88
2020-10-12,298.53
2020-10-13,298.88
2020-10-14,299.69998
2020-10-15,299.58
2020-10-16,299.5
2020-10-17,299.57
2020-10-18,299.75998
2020-10-19,299.99
2020-10-20,300.19998
2020-10-21,300.16998
2020-10-22,300.38998
2020-10-23,299.94
2020-10-24,299.77
2020-10-25,299.44
2020-10-26,299.24
2020-10-27,298.53
2020-10-28,298.86
2020-10-29,298.6
2020-10-30,298.3
2020-10-31,298.32
2020-11-01,298.63998
2020-11-02,298.63
2020-11-03,298.6
2020-11-04,298.63998
2020-11-05,298.74
2020-11-06,298.38998
2020-11-07,298.13
2020-11-08,297.78998
2020-11-09,297.56
2020-11-10,297.82
2020-11-11,298.13
2020-11-12,298.13
2020-11-13,297.94998
2020-11-14,297.63998
2020-11-15,297.44998
2020-11-16,297.28
2020-11-17,297.69
2020-11-18,298.00998
2020-11-19,297.72998
2020-11-20,298.31
2020-11-21,298.46
2020-11-22,298.72
2020-11-23,298.66998
2020-11-24,298.58
2020-11-25,298.59
2020-11-26,298.38
2020-11-27,298.13998
2020-11-28,298.22998
2020-11-29,298.25
2020-11-30,298.07
2020-12-01,298.12
2020-12-02,297.97998
2020-12-03,297.55
2020-12-04,297.68
2020-12-05,297.53
2020-12-06,297.28998
2020-12-07,297.56
2020-12-08,298.13998
2020-12-09,297.3
2020-12-10,296.72998
2020-12-11,297.06
2020-12-12,297.35
2020-12-13,296.81
2020-12-14,296.68
2020-12-15,296.41
2020-12-16,296.91998
2020-12-17,296.43
2020-12-18,296.18
2020-12-19,296.15
2020-12-20,296.06
2020-12-21,295.50998
2020-12-22,295.41998
2020-12-23,295.46
2020-12-24,294.55
2020-12-25,294.25
2020-12-26,294.72998
2020-12-27,294.83
2020-12-28,294.49
2020-12-29,294.53998
2020-12-30,294.41998
2020-12-31,295.22
